date,C_up_gamma,C_up_gamma_5,C_down_gamma,C_down_gamma_5
2016-09-21,112.157506293739,172.81636714930838,449.3267985709274,318.0971445564783
2016-09-22,112.58647292023502,176.4484802392287,409.9691174495591,326.69361068256865
2016-09-27,147.266553034433,196.65333038598183,291.28701293073294,220.83500528188742
2016-09-29,149.4626266588303,198.94339704024088,312.09984258957337,237.1850679749759
2016-09-30,149.8725097464147,200.02420508963618,324.2801226211767,247.84425688307357
2016-10-04,140.08898674500955,153.88302333741373,563.5982363070594,421.29417090125924
2016-10-05,154.87816047764665,161.28451193488365,566.5964644720267,420.272241926123
2016-10-06,151.43301520728053,160.37185028088473,579.1616451273553,426.73577558334796
2016-10-11,147.92741190948894,156.42640377022389,604.7790140158775,420.84053330599824
2016-10-13,181.69294683095242,201.4837573153959,535.9671504273953,317.88185388294477
2016-10-14,179.89526341994477,186.78530739513013,650.4557076520001,529.0936103815588
2016-10-17,140.34924654798132,162.4890679429837,685.7231640045106,533.5629408643881
2016-10-18,144.31774027721886,172.06845169770259,727.8069624866188,554.6438477053904
2016-10-19,142.94000976719843,172.63873988355087,774.0547121270308,573.5621589436691
2016-10-20,156.43884155706976,176.60889709996383,815.4735008688881,621.8461244160098
2016-10-21,135.60942221904483,231.11831649436235,773.49997851845,553.1032285328556
2016-10-24,151.99033749633043,180.22933524823867,834.4280889678995,594.0051417419248
2016-10-25,204.50932732790292,232.80296552560827,868.4484406286906,582.8672230240361
2016-10-26,219.73116606042782,251.37703029578915,918.4178122519507,695.5704848497808
2016-10-27,167.75586800131737,203.14102727985295,1029.059017688143,741.3855682187249
2016-10-31,162.90751637962984,220.69688242773876,996.7019934226242,706.1569293142409
2016-11-01,186.48186952741847,225.57828595639756,1113.861755276314,782.654965568326
2016-11-02,228.58213271946778,274.93408085629886,931.1276479837521,662.9384052746883
2016-11-03,194.69721477072702,252.49014938627883,910.0691716115682,586.2569786632282
2016-11-04,215.55593632042914,236.30703923479223,904.1044951920214,574.339934975343
2016-11-07,232.20921771805413,263.5536381023021,960.0864548559853,607.0927614142305
2016-11-08,205.18329304131422,290.8078991097872,994.6645668381428,609.2824965510724
2016-11-09,180.7149416100317,222.9200103389249,1157.0394111610096,780.4163454401595
2016-11-10,186.53924354366671,363.3202202504489,873.2916314229122,541.1053231027319
2016-11-11,196.31456333170834,260.801881377914,935.8020473662878,557.6911678947351
2016-11-14,180.1636687163194,402.99447746227554,946.2963578979702,547.6522875768356
2016-11-15,213.06637797981185,365.3327124252982,940.626986339658,489.4723610471504
2016-11-16,209.62981487345667,502.20755650792483,1031.1178367832701,515.348285880324
2016-11-17,277.3890576427246,506.20630549456,1365.37703714463,563.1667778526886
2016-11-18,254.382377850155,331.39921843594743,1474.990675370185,701.1347281444611
2016-11-21,223.6350349573012,395.26380800906117,1594.476716775817,731.3200172859131
2016-11-22,354.8797793004524,422.7596827295327,1660.2273527211785,909.7252608926291
2016-11-24,170.98193304424376,503.354810670232,1660.251032087699,772.0056416277457
2016-11-25,104.64908313967022,144.37844167688365,1273.6908428824204,407.3538106520202
2016-11-28,108.53801402094676,129.97604851402525,657.7335594746144,331.8627467267896
2016-11-29,113.3601308930812,142.3325798299376,862.6257939487133,485.2137464738663
2016-11-30,128.92560376281196,170.22526450344714,556.7303109397492,205.5618512227458
2016-12-01,133.24959179008434,186.47392328701412,591.2559722666614,178.68197920906545
2016-12-02,112.53024292952973,154.9838969222032,518.6767414286219,218.35243641316816
2016-12-05,134.13463810423855,182.8234210145234,737.6564890150117,286.7977578155025
2016-12-06,134.56448127517342,136.19808128398725,800.6757315372789,489.5806699413763
2016-12-07,116.57988657808383,144.9469029263572,832.2687422301599,504.07159901203977
2016-12-08,128.24361092044828,159.94857810011314,842.8512414153391,437.582061538183
2016-12-09,130.59342850510293,156.53256670953522,796.5526174208106,385.2829913316604
2016-12-12,140.69410723178348,149.6867272375488,954.2858506193436,528.8139299823742
2016-12-13,122.94041807599977,165.70083825384805,807.4646297724033,367.3385222472133
2016-12-14,127.43795702550965,150.48056732727125,845.0500034163514,359.4010987702113
2016-12-15,116.64279333131525,164.68361909305986,1097.0781733879396,447.21676842659747
2016-12-16,183.7859752269371,261.0192094262125,807.1905827991835,261.6008803058759
2016-12-19,180.62664547265953,263.0640751416785,860.0966119881233,262.30700774903073
2016-12-20,168.65236479122476,265.904927449189,1018.6278363896413,213.33278137789856
2016-12-21,151.1439214960233,304.46598693374494,1112.2804112396443,235.4135033830956
2016-12-22,167.27180931599585,341.0707952946355,1772.2217083540197,183.1194177924244
2016-12-26,167.24836303015493,306.9575333825397,308.4490809269514,157.28668456143367
2016-12-27,110.13026186180329,118.65731438136126,224.71792081838473,139.45366433973373
2016-12-28,145.08283714284906,152.27825900057533,467.38824475923195,256.95766679463645
2016-12-29,175.08484602794763,206.24915103272795,372.3144495585083,196.06550250068574
2017-01-02,213.67147604562012,203.0174272514963,379.2073055862242,240.85685247807302
2017-01-03,100.9412879816832,103.87716942131472,375.318111905803,207.36176922240247
2017-01-04,182.67230972131193,159.6569415209379,609.4641398902245,322.5186674843261
2017-01-05,174.58030832717336,156.94836686588837,627.3842191258793,406.00426330430656
2017-01-06,145.96691728794136,134.33458099561713,651.591593859017,399.5418997664873
2017-01-09,208.56252187527815,179.9097425270968,646.5533871994021,351.95073656824337
2017-01-10,147.43886319443732,165.11034050366263,671.7984486187304,421.2771832410078
2017-01-11,235.6996010420321,197.02506683308332,657.906180026116,349.9883079931638
2017-01-12,237.66737543174284,202.330715853346,712.1659247862011,379.2481141194689
2017-01-16,218.85573042671678,224.11498505018656,875.6119633000433,424.6680217784463
2017-01-17,161.08790556633622,147.49146370107738,577.5151436831449,330.1867813639891
2017-01-18,153.44973518788905,168.14819707038393,1013.0035697003963,534.5125397843108
2017-01-19,155.54680631433916,178.79509487142488,1026.122574827039,513.7421633274882
2017-01-20,170.26549035464316,176.75503974444018,964.4537971654255,486.62112214251687
2017-01-23,191.53355159852313,212.40005413425854,939.7111474675713,548.7783871190329
2017-01-24,192.2939055607631,221.90580408100612,1025.3961190719046,600.403824700228
2017-01-25,182.47039559578633,265.29805802916906,1043.6522865822405,461.1133755955104
2017-01-26,199.2362355697769,176.91097084860863,1173.3231149563524,494.00797070496986
2017-01-27,208.9241327425414,305.608999545355,1230.510986003384,438.95265314691864
2017-01-30,185.01510665808357,193.72979684117234,860.3761506169426,477.56372564815166
2017-01-31,220.49819099531112,270.22305899470274,734.8885157886695,320.2632795579115
2017-02-01,263.08693695943856,316.1006321165717,799.2772938198877,429.93551004753823
2017-02-02,201.09798095684192,199.7654830385324,987.1211842259286,588.7896933662452
2017-02-03,207.56654445618733,202.8093411028878,1032.5953030671076,575.3012480141359
2017-02-06,188.76190572745847,256.0021120230735,969.2029922399248,473.56215719143466
2017-02-07,229.25289001296173,249.76995902022185,881.8811368854327,369.80756660760943
2017-02-08,231.8683808669919,226.37194828371108,1013.6910698044811,515.732864441827
2017-02-09,145.93047856131278,246.0684922435868,1096.5371621725512,653.700764482095
2017-02-10,267.6881030130896,240.81926662719803,1087.0489275714049,611.9904411292731
2017-02-13,188.29345151902982,141.97287673782824,1159.7679542856765,718.3129463014184
2017-02-14,126.97483985697374,127.30606929043476,1297.0421052965569,755.091092308764
2017-02-15,194.872385025258,129.85565418053247,1381.7207713497785,768.1283351717154
2017-02-16,161.9507794075568,184.82001499541073,1035.188103948975,571.4762973591172
2017-02-20,215.596767295906,185.77835348916838,1293.4469167045293,531.0097547921441
2017-02-21,264.7551717539288,297.10683569402124,1531.8610273524969,577.2228962193877
2017-02-22,333.0255269610821,335.05716974021084,1586.2909116553112,571.2089857785123
2017-02-23,208.62996233476932,173.58480497063923,1751.7817980507084,680.0995547094892
2017-02-24,240.10217797580387,520.9429132965598,1901.243390860449,502.4920199595338
2017-02-28,159.40155039048503,204.1476168209326,418.9956068668642,221.94309477745193
2017-03-01,147.50293428551782,177.3319637053957,524.0811828431924,275.61777385059986
2017-03-02,146.32655231385218,115.98445026848579,640.3045418336964,383.0324333154539
2017-03-03,164.0308438388679,135.53951505815706,650.39923478343,355.33737153318395
2017-03-06,162.1109420722802,124.59537690580554,723.9495370209494,393.12170158856463
2017-03-07,171.50854873845125,196.99751097110095,775.5337686269538,375.8455500885109
2017-03-08,187.80200006553812,185.34734628878394,719.6511098430134,297.8580118784525
2017-03-09,195.11404412108894,252.9409249075901,597.5707200459176,253.84730856999212
2017-03-10,180.6737098982293,302.1428929412221,545.1288563915882,229.3956932745701
2017-03-13,171.82959716925396,333.9619451912693,547.5772185664022,205.34124030231055
2017-03-14,162.50926072759856,310.0208530031201,394.69086156736364,143.05347244360956
2017-03-15,187.00688839450547,310.591377109616,427.3118156859176,182.7947460775444
2017-03-16,189.88715279171595,321.0318283392509,635.8545223874477,210.232232646882
2017-03-17,209.87225204660817,295.4013953890915,720.2452233425768,236.3966810509653
2017-03-20,242.80844271604747,340.6207814038289,792.0182501318063,259.8963037252656
2017-03-21,204.56932093427827,348.14923032728933,773.3869591313543,208.8991426321399
2017-03-22,199.63304282609775,285.24941226595,572.1537384578667,184.78111803825234
2017-03-23,200.66585373845055,419.5282608238929,620.5377491840219,144.02203988490444
2017-03-24,187.36329146087613,305.28831699435995,556.0653243504285,127.0342436527486
2017-03-27,192.4138177934694,232.14347290765545,398.5673176902377,181.85905072273485
2017-03-28,193.77917565062378,267.3083954212028,410.0150361601652,193.18329070492885
2017-03-29,221.68621569287689,255.7821896809995,459.9053520813568,224.36132227677456
2017-03-30,238.6079362870521,277.12354729354445,475.9025375083283,231.57522783368364
2017-03-31,240.04644099846664,286.9516776489514,516.4949643669876,256.30198779122367
2017-04-03,254.9012355656492,272.62100594258885,769.0332752336242,462.6431131405505
2017-04-04,240.0027122562271,262.7548370138292,868.0243337124111,519.9300937789143
2017-04-05,254.96171860388338,316.18423646638024,821.1201640172371,423.90992664310556
2017-04-06,278.3261553718304,310.80649459593747,824.507355858484,453.8999204907613
2017-04-07,263.7824180871951,472.5439009646933,881.9591588113555,361.54053065122827
2017-04-10,343.8942493216702,472.8067162397917,813.1630642317649,342.4018042326018
2017-04-11,276.5727401164696,309.95702353333843,1007.830152397627,499.80630603655504
2017-04-12,279.41899407871296,329.0976179253239,974.4838254511077,435.27752583963826
2017-04-14,388.1288561742144,392.7499079451778,1019.919206668017,426.3602645026341
2017-04-17,260.3815879327128,284.14153820698215,1127.3368681390955,477.6681667692956
2017-04-19,355.3151163170418,401.1623084098584,1192.0587851267217,280.68395703176805
2017-04-20,363.80566736547166,409.6475017988561,1245.1959456909979,298.1182804463005
2017-04-21,366.2874862906199,497.15681269822585,1207.4646351476515,249.13279086150658
2017-04-24,235.5762085007319,283.70476716171476,465.5437301529856,245.32386770731765
2017-04-25,251.46692095466986,263.8819910544643,496.0336121294276,267.64365778461945
2017-04-27,274.3782241652449,282.5121530132687,499.38665302091107,267.9854669985118
2017-04-28,296.5498272639278,321.86885653899856,606.4474579011517,320.13079754687936
2017-05-01,293.3516212995061,300.87544565496813,556.6074715523923,290.67923733455353
2017-05-03,284.5862489091227,254.06173650606092,707.3675570910806,407.3219447970185
2017-05-05,331.9058036018875,332.1980562788055,632.969089268507,324.8475283754249
2017-05-08,360.64723620611204,336.11437279219916,646.8549297919424,327.63354936050825
2017-05-09,344.838785154133,345.4778268226218,653.9912150017902,312.7527816718982
2017-05-10,357.39540007455986,354.7240497626737,719.6879415781534,341.3751759724993
2017-05-16,412.40804413028343,445.9952421907116,833.1129860144995,363.64061621839784
2017-05-17,404.40858484599244,421.75606901707135,864.5812973126531,359.423042712954
2017-05-18,338.96970944258993,314.28844281102084,1050.614049018273,463.26604269130877
2017-05-22,341.4582496960011,331.26520369082766,949.3144239513928,439.19822587027545
2017-05-24,323.25512585413475,313.8752760183604,1621.3873833806094,460.8150330030882
2017-05-25,343.14279685037326,329.8384787341484,1393.7258627790707,460.8692360831573
2017-05-31,315.42469113569217,338.2785368267154,655.8900024769405,364.97713905929135
2017-06-02,265.6140262448166,398.054516678575,757.3692846668746,437.2037052044519
2017-06-06,284.36183280403117,267.29931924488795,786.3783757311901,443.98619166546143
2017-06-07,307.99859345737786,264.59113056634794,899.4063875851648,583.3172511586512
2017-06-08,232.95883502788945,214.72504337920705,909.0544539858128,657.9558537949547
2017-06-09,213.8674208283748,217.3901015139152,862.0139649517507,634.2051474702398
2017-06-12,239.39441080180293,243.57919054894518,790.0401008861106,560.928540541786
2017-06-13,319.95205508140646,323.93009350368357,834.9478423233708,480.7694953050957
2017-06-14,258.591877015726,270.6443600666654,962.8857939473024,558.6847727632392
2017-06-15,315.4194085064835,350.99389712436806,924.4447387108268,478.51177730035965
2017-06-16,392.0345741225765,399.49907121465793,1062.027950802743,574.7267974293638
2017-06-19,397.1601990693685,405.5852544805744,1067.881893468466,582.9908550575151
2017-06-20,325.3138919396995,486.68597688734377,1188.9582380353236,571.4605771084696
2017-06-21,281.7619506705865,693.9053383127451,1002.6857495948078,476.8745513833309
2017-06-22,395.88564130824403,707.8645247666905,1126.1789123136925,452.646590709949
2017-06-23,262.7090284465432,511.4380628594477,1406.4931849000477,409.8556870306282
2017-06-26,160.5603012270917,214.34060739573448,361.5475430421937,242.56306857065658
2017-06-27,175.47344930742116,228.8674482649181,387.3124560838466,261.3232528212913
2017-06-28,187.1874513592125,241.341117487509,377.2948626469378,254.0735014554732
2017-06-30,207.1038863242041,262.21376635426543,470.0338358013457,333.71120106722674
2017-07-03,208.59493087000425,200.89716464988928,611.9430043400696,453.5110307747639
2017-07-04,213.7325654991465,201.68991186492133,586.7875803767021,466.26606056063525
2017-07-06,193.9724770977416,189.13213114918042,679.9105763931893,529.8797831031417
2017-07-07,187.91103232029508,186.87543544511908,661.3764549620413,493.1661066488278
2017-07-10,207.5247319498014,206.0036303733482,669.3504541737414,499.87057419647687
2017-07-12,183.23139955400853,187.0838748442505,721.5735469675199,582.1759183665758
2017-07-14,211.17196403291345,314.36076779531203,507.4600288051094,286.9591776705149
2017-07-17,234.11639744698718,309.11373636663933,643.265444447662,329.88042551968624
2017-07-18,226.6186104532596,367.48961207460883,827.3126032311308,386.525703592267
2017-07-19,239.366685896492,309.7275740673389,809.306935501015,400.46971159701604
2017-07-20,248.0452256563209,319.1854295205856,861.12764627909,427.79409965478686
2017-07-21,213.8132789914674,247.18636267478803,913.8599421915815,465.0596866370702
2017-07-24,207.65224424238212,235.17090491534103,459.9902102243952,356.22260604965663
2017-07-25,197.32427156714098,224.65212169156857,521.3859626137021,371.9703212082568
2017-07-26,190.1355426992237,265.0794335896348,474.02761236751235,301.1227076467754
2017-07-28,225.5099528681496,269.56339873032636,573.7464424129591,385.8480046521182
2017-07-31,236.0711857104508,283.7262398947806,607.7155174075546,416.2717955414148
2017-08-01,204.98785495514267,318.3506102376116,648.2814406111276,435.84281796204533
2017-08-03,203.9056884033909,318.25199050537753,508.58786801065696,335.9459087901031
2017-08-04,212.21069121502595,321.77979662410075,500.03958513578146,293.61472003467713
2017-08-07,213.0069729755259,310.00559355366306,589.4801267884201,344.3832927375416
2017-08-08,235.69738719188197,276.42858761917137,662.0714804343997,403.7770434766859
2017-08-09,256.3566084289457,358.60951419131516,599.3120221271556,394.2845425823656
2017-08-10,242.08278451034047,282.6732961199327,646.0554897483678,404.1948700362192
2017-08-11,157.42258234977172,334.74275882104223,500.9432973863626,280.91040269421944
2017-08-18,126.14335737705781,362.90365436694975,540.7044868934279,241.529941743722
2017-08-21,140.3029940299552,302.2413827202751,565.7627811854469,221.57592419404045
2017-08-22,130.90994469683656,313.12611336812427,466.72994116300333,199.94111710256524
2017-08-23,114.85404852842564,293.30630819943616,525.6710618317693,215.92919409408194
2017-08-24,96.25030849604627,157.38723018311407,440.2952299583084,141.81557224844494
2017-08-25,106.9332159172126,167.45763585593878,501.7817882173631,152.27696059482153
2017-08-28,85.6353076629802,140.63998740759342,291.2241304894669,152.88304550199908
2017-08-30,88.92882163585479,140.2943912802296,222.07924364325532,119.86973754212616
2017-08-31,82.33169621953695,136.49600080808617,212.5087189633847,100.25559399757114
2017-09-05,93.38906211736317,124.77187524554321,249.6495441411201,158.29553667078778
2017-09-07,132.51279258569306,172.7440773283482,535.0820163739988,268.69722225246505
2017-09-11,145.2466274469081,213.96171258906614,428.08744305395464,200.62976086989696
2017-09-13,126.56404038787788,208.97781733782023,521.9070250118344,204.43521053987334
2017-09-14,128.3681245777738,209.65872678969401,494.1467783787273,184.9436626983465
2017-09-15,145.86896892026698,235.59878861270482,644.164297414147,214.8964850201441
2017-09-20,156.0970664267763,319.3350300390184,445.9253135352056,228.07812470182446
2017-09-21,154.04105414271615,269.8814711202121,957.1103540521387,272.62777287963223
2017-09-25,176.90668225217945,236.55296864902695,639.4926123177437,354.55138597080025
2017-09-28,193.98057249886568,260.34009515717656,674.1893775099212,372.1233543540477
2017-10-02,200.5413491984373,293.60672242661656,792.8694855688966,378.755356958866
2017-10-06,188.8614452643401,317.76552542335236,858.4025383935327,363.1246994079665
2017-10-09,199.91749463682015,328.8133548088509,811.1083805497831,319.63292909024443
2017-10-10,199.32327316298483,326.8200511043651,821.7495052624427,319.8196466456883
2017-10-12,202.82888592989485,355.0394191800408,1074.1358967777383,337.5335636910876
2017-10-13,216.83296940022046,348.3975807490796,958.9304924378282,372.20377927382833
2017-10-16,229.880568953174,314.82686054515773,1255.691155825644,422.8192900079597
2017-10-17,203.875662063637,458.66628872925895,1418.5197756353516,430.53888443412217
2017-10-20,260.81967520449945,442.3540571090729,1385.7193878270725,417.4127737478381
2017-10-24,230.2728558612614,463.11870927213346,1622.531569120592,447.3945367809904
2017-10-25,257.68656257443473,523.2800143327839,1540.004616133319,388.82844490808844
2017-10-31,218.10247864819212,368.70374563438713,825.1298170286674,312.92294205921536
2017-11-07,244.27919206353744,379.93228833697833,895.8301034442113,327.84674619632017
2017-11-09,257.2000986018712,384.70396248066487,820.2409583923867,293.6518611646023
2017-11-10,183.23851506660452,579.7257998724484,824.5676337772197,230.53130770218667
2017-11-13,227.14518012421536,503.6693265265253,905.1890283178838,195.9291186834614
2017-11-14,135.28618631820706,480.6155757585069,601.9668493149513,144.2711937238434
2017-11-16,172.3122191147261,543.0488475801968,703.5975235754413,173.7724765487126
2017-11-17,165.14139818551953,586.8320161375398,700.4395729912911,163.83296999454296
2017-11-20,247.1471891386031,552.1771245161301,1037.989232705402,218.17378968502788
2017-11-21,219.08117498793183,671.4365430020015,1199.7579348535428,257.8785121248468
2017-11-23,217.1269584510811,653.907432938314,1070.1850384459435,133.18998283047446
2017-11-27,134.80744400594236,176.05837447191888,355.98905297732216,113.9915200704597
2017-11-30,158.59583174271773,235.62794100820471,461.89487981024064,131.38354792987283
2017-12-12,157.02709168785765,307.45187992817625,646.5170631178969,159.57116545959155
2017-12-13,144.28284580512806,308.2612698562731,271.49544819446925,121.50395558104347
2017-12-14,157.45429702345865,323.94276630698647,788.99442044273,152.68879603749878
2017-12-27,191.5327433936709,199.146863205822,554.1595789122888,212.98283962490515
2018-01-03,229.2641874569371,242.60577234181446,649.6974934829243,215.5045502009934
2018-01-12,281.1065030333943,389.558964017097,598.1603749955216,130.20076643206588
2018-01-18,309.9710842116643,365.21443028915064,976.3631729922301,212.7011058439397
2018-01-19,306.62979798069875,340.3358499436687,1049.1050966248156,180.88695958421894
2018-01-23,315.9877044165992,333.23917420822517,994.6114531872274,151.3695113037878
2018-01-29,253.12219539942282,259.1994781384033,854.7854178667887,344.9936927205758
2018-02-01,218.6478110297529,195.23528779486298,969.4333102297775,382.71985520190276
2018-02-06,399.8052587905731,373.9526774615858,1026.6123371666567,304.21200368732667
2018-02-13,259.79101004584135,242.81389655492768,1087.499998982081,325.9792197793223
2018-02-14,260.767415964022,258.1135625501982,1203.9494837482926,327.7047785913801
2018-02-15,261.82876648593,259.16792104244655,1208.9532282590737,329.0273035078972
2018-02-27,171.32118249359232,152.38348569861247,587.6887621123533,236.56786599419928
2018-02-28,166.53924919589943,167.52047962210844,685.81348476694,251.43937896844082
2018-03-01,158.58714916723537,145.95053897102545,701.5367475936916,291.20918217261544
2018-03-02,133.5267531848537,111.71026531415318,742.9650317483074,391.9128840803992
2018-03-05,139.69997548649258,125.93426051382203,723.0622608085205,352.52119883556696
2018-03-09,141.39312950624895,107.40719185597176,833.5071829519977,494.1986046493889
2018-03-13,155.22510507224666,119.08824654400489,778.8426191326245,352.2686932073395
2018-03-14,167.50435520370834,138.32693925826757,868.8319482136404,383.5345189175566
2018-03-19,222.7004580840067,266.0117162670366,967.5903529144113,327.6813794111237
2018-03-21,223.1729760381533,418.7856162458931,718.2485761740871,212.16821233943784
2018-03-22,216.26459148382327,309.52178069688307,765.2817155917186,175.1845931715939
2018-03-23,234.8753181702605,281.17899891660056,856.0510608954014,196.00506509754337
2018-03-27,224.0882978731493,256.3128277983857,425.55905906782215,215.81138051356626
2018-03-28,232.6080668152587,264.443073060209,448.15091379421534,222.58552547666804
2018-03-29,236.30156022951684,252.22764679278214,432.78593604332684,229.68152234244687
2018-04-02,205.34399057462605,183.13334168930686,716.2259189873783,436.7796519299322
2018-04-04,248.81690113832616,238.6585666976221,728.5294306646462,432.7850568767968
2018-04-09,253.94808480789087,239.89309272856593,765.1151361370014,439.6731677121464
2018-04-12,258.3774724702877,289.0185613643382,893.9267768013461,363.53983134162917
2018-04-16,302.5077612239692,292.46508763385685,920.6979570902275,334.12590095919984
2018-04-17,306.87416299671645,390.5700104220231,1060.087023454771,371.8846455110584
2018-04-18,270.4396250714958,795.3661555131017,1136.1479491766659,338.7044726746748
2018-04-20,295.8419334220944,306.08832585143034,905.9753439218096,209.2138776523136
2018-04-23,202.81937657309658,250.3491223350829,389.8874329178838,177.0370989841538
2018-04-25,217.82013909701527,281.15677078022213,511.19325640654677,267.4716958806723
2018-04-27,221.71186352709697,180.30235399880158,608.8340003544356,312.5213966521232
2018-04-30,230.28908769383355,183.2054703325464,645.4436161080037,366.10018728737145
2018-05-03,177.93073224852964,160.45265031129105,717.1614853616165,431.01702015183196
2018-05-07,188.4631090893445,173.13097445785152,771.9316993094701,473.55052518271486
2018-05-09,234.09588203820027,234.550922582719,809.2921755300923,438.9590982496876
2018-05-10,236.36978413420766,241.584196070313,792.2952126978415,389.2063606340618
2018-05-11,242.5184095577245,263.1546999728935,1010.5911083779948,428.5310786116895
2018-05-16,254.42102032501356,265.5117129161792,962.854811565337,417.71565791637727
2018-05-18,289.475385393657,348.585892593104,911.6221582842726,297.18859960538975
2018-05-21,270.01081974147456,317.98271339972183,957.2151434071695,423.1180792211561
2018-05-22,280.9515915678681,354.8368203865102,1132.387795611781,442.08332769568693
2018-05-23,250.63274269871212,287.72282335624527,1141.9362743317804,435.28051784688284
2018-05-24,281.03739138463254,299.1164894750466,1105.4818161992425,497.81621851497056
2018-05-25,231.75127522165582,261.4522418234136,1260.306413206518,440.161389324721
2018-05-30,193.43137818522322,277.9972886271439,614.5009367417205,424.3724523659895
2018-05-31,232.7831827938317,241.2467869591469,562.5467518688171,331.3054773707782
2018-06-01,240.94077661024446,253.5661087107537,591.192975052904,341.75120493008
2018-06-04,226.50985363694883,244.136253017061,566.6556993340187,320.30950462598634
2018-06-05,218.54301647152906,303.8091611746607,409.43065915702874,214.97015576710044
2018-06-06,242.17038419123904,330.12446729076714,488.03679389611295,279.9992053016249
2018-06-07,260.3812422519505,379.48357691531527,412.83848947142724,231.51687460267897
2018-06-08,237.0610735753543,352.14546570106734,395.6518299469894,224.2662660211345
2018-06-11,258.8046615849691,362.2301717672429,414.2347611071431,235.03378810184518
2018-06-12,203.55033326668035,350.21256850185455,292.32443753105025,164.21852729181256
2018-06-13,254.56297968901302,404.41892923743836,456.4621857538398,246.6809913365783
2018-06-14,241.16873829661887,377.8695400197418,449.7120472687407,243.09438854483474
2018-06-15,176.83413486797951,328.6101481364949,298.36325532304977,173.81036012075708
2018-06-19,182.02670577007498,433.56913828056383,291.83689909005267,139.69966126576458
2018-06-20,187.04596407865975,388.53317757919007,270.8140771020228,144.8097117790374
2018-06-21,202.87731039659877,389.29077577292225,244.84903685067974,111.71136711136525
2018-06-25,172.23947801101627,216.1348965471777,197.19058975473064,123.90230046311419
2018-06-26,164.31345268593762,214.71854074806762,166.48482678490421,107.66281378278879
2018-06-27,173.88192913393326,224.69601877914295,205.0968372776928,116.93376618613019
2018-06-29,162.15019784352933,239.1759695627516,180.07408620960106,96.39708838836187
2018-07-03,145.77844668716963,237.345393793681,146.23906769224254,81.30192071573146
2018-07-09,232.04049360593896,313.39973454116495,325.6194421102505,178.650948515245
2018-07-16,152.17978422198777,287.64026660182355,247.3812013618379,87.24649668415252
2018-07-20,273.69974098606303,387.55312132040814,639.7874973668727,215.6125976873731
2018-07-25,263.1285182822581,446.5159746099326,592.2088483189189,172.3396424675181
2018-07-30,200.97991882285365,250.05317172341717,465.39525756158514,282.0745729900087
2018-08-02,217.8192314770257,301.71149148083725,459.20459149476386,280.13838318303783
2018-08-07,228.06178390344954,268.54197098070244,590.5598230664956,374.2328407614343
2018-08-09,238.99498765392656,305.14999998135227,662.2421058184823,397.89258115852977
2018-08-10,292.77897707562045,378.0191636916165,585.7439338303586,328.7497567286786
2018-08-13,268.3808227357478,417.8570809973946,522.1606342243283,256.66459475982504
2018-08-15,252.36503292921674,426.44045356326353,772.4336635986386,345.34193872064003
2018-08-20,304.46205582956634,450.3440239303828,752.4767922720765,282.34890454033115
2018-08-22,240.70178979636052,425.6717596815776,834.8674131011578,217.3495305779079
2018-08-23,232.49715907108163,423.95422300558573,820.4766543853343,212.6310181291353
2018-09-10,224.4487303508262,276.4086008990816,426.29820072092303,160.00822172458714
2018-09-12,228.10152728876147,283.5839229609685,472.6860080609659,187.17535329595566
2018-09-13,132.10074078937112,284.6571482913697,290.0817238494869,88.04282104843445
2018-09-14,130.39214942810602,311.04917569827904,317.02545166148894,82.08827906000289
2018-09-19,116.57237411953925,277.81928099790747,205.9777646347289,112.88785415372115
2018-09-21,184.5657659283645,224.2300638938426,307.653521169319,149.00012730614645
2018-09-23,0,0,0,0
2018-09-27,200.5375111726789,203.1007394462545,416.3261229636743,233.7058054592484
2018-10-01,204.99530077789257,264.8530414536862,410.9463200440479,187.56064968291253
2018-10-15,235.39203412533564,284.77368656284074,905.1509089617505,529.2289524982318
2018-10-22,266.79423468636077,431.0553247214103,924.8305668463435,305.57551250202897
2018-10-23,280.9976521587115,526.1560247752687,1078.260038323429,432.83320007271755
2018-10-24,208.43013536151753,388.9279215185417,1119.2539253858515,410.02007153977416
2018-10-26,229.27580974239763,358.09732786983494,766.2784940724827,218.18949410886788
2018-10-29,222.19501945786484,295.3253893252154,558.8299609444792,293.70363336459656
2018-10-30,218.25977152975335,287.09568346563424,545.7790334502872,248.99270964021326
2018-11-02,236.41772169056645,296.64805430208986,587.2246031437517,268.0858724497095
2018-11-08,217.5729361975474,309.1195039805306,798.8232316466238,395.5970931146292
2018-11-09,314.8978783610712,478.20233241741334,887.5679532662012,394.7791787270627
2018-11-13,187.6769636238876,377.94451233308337,1126.4117689111677,443.1368936372613
2018-11-14,254.5969054124521,467.99262368171213,832.6813323526555,204.12883416730517
2018-11-15,279.44737434086306,498.16797602992176,1076.2308397321872,335.8452182022212
2018-11-26,80.84991358144015,155.5310899426559,211.10733381405373,63.337104930705074
2018-11-29,130.97400197703544,158.8495141858277,275.3013303513486,79.06429706814248
2018-11-30,132.1209110361856,160.52639424068093,277.1384470758113,79.64340889805437
2018-12-04,146.58017768723607,187.82496754648466,406.73001426518897,146.3708976290226
2018-12-06,146.5434163103573,178.9418165229193,464.3474967886076,173.2185329614091
2018-12-07,138.61149148599506,170.0097945588398,360.49800017876106,134.24586902948465
2018-12-11,153.49098537812125,198.67024451176204,524.2234048859945,176.3594858693851
2018-12-12,163.4669093286891,229.02451502866424,552.7127606247784,145.8305619447501
2018-12-13,163.21302877674037,232.52716852645574,495.8420657900204,132.35472679611772
2018-12-17,207.63100694392412,300.0488141637428,683.3227737504757,173.38891677250868
2018-12-21,171.13792619051418,352.5923281910281,223.05031253316935,95.18889835880755
2018-12-26,95.92145755610483,96.22254626770669,153.83386382314978,73.64379209738337
2019-01-02,101.52074798969826,110.1715221049111,159.1528657127186,76.61657815475205
2019-01-03,160.77370729182465,221.5942094137545,289.76918823087794,98.76088315550514
2019-01-07,179.3035389550992,221.85984763034904,421.3271879479261,170.34494512023394
2019-01-08,178.63516205168114,232.02367999803965,432.69846964445475,169.8881048483039
2019-01-10,187.03331786597272,250.9690152586845,489.3594694821385,186.63557733609713
2019-01-16,168.18395250744823,326.34757442535283,376.118378100457,112.33949616517069
2019-01-21,211.17530899662017,401.6259746998953,549.110511096183,200.4949791715243
2019-01-23,240.21371935783304,404.9404672991475,654.5331954728905,147.79832860487562
2019-01-24,238.4063107777169,404.5659172749196,912.0470040165709,167.00369531717007
2019-01-25,237.18259474616326,391.6246094779735,596.6993199509031,150.53593400387265
2019-01-28,147.63301503675325,258.2607958535288,427.80916042486433,192.61037106821937
2019-01-31,177.38470564059793,220.54511033180222,518.3028899622292,212.56948162828564
2019-02-04,271.79677462820325,298.58120868473884,469.2415459501927,174.43100314663428
2019-02-08,284.1409386369136,338.245269741605,568.3934629504814,225.3242856438363
2019-02-12,251.76245810572996,511.1233782576681,706.4311971946704,169.21510421707035
2019-02-13,378.32538429203765,558.1862314821643,854.5652729916358,228.06190610669927
2019-02-19,350.95111062155036,662.4953464200682,710.9146105957052,129.7601636348091
2019-02-20,293.8408149690585,941.6066342969278,495.1932621281304,70.9898285444719
2019-02-21,242.98035122740694,1128.8528522009972,774.7050748891504,70.9452769503459
2019-02-25,153.67228658230056,195.73227704226738,382.3072702621615,92.45615370760441
2019-02-27,149.51695038447804,261.2809349401267,207.56016725025452,53.85258793109872
2019-03-01,129.20385396987865,283.39358748082026,166.49674578996488,46.082228938871964
2019-03-04,159.2734641281921,272.0131814891251,215.46102522310383,78.91920193185634
2019-03-07,170.08779476761308,316.1629804097094,266.00210470803046,87.4146643679452
2019-03-08,139.04319276538436,290.6947254324085,174.31436676446557,56.68163900134006
2019-03-12,139.11774907761287,289.3383807818886,169.30101494717397,45.70306023925742
2019-03-14,177.82604508189146,346.3120858107134,433.25478488201605,103.13241276168812
2019-03-20,214.79008582830002,380.2344217934821,556.9199362062404,125.63605412708435
2019-03-22,247.16764350631837,395.2027410292967,892.647092983087,157.13820000256638
2019-03-25,209.90387710288883,207.117541668573,394.8235081500634,180.1559570537727
2019-03-28,230.3538366009811,258.12356255635206,416.4719467765448,159.18717866371372
2019-03-31,0,0,0,0
2019-04-01,124.7723078498056,282.16179461758713,170.2116979029381,63.13973113763479
2019-04-03,165.47330205934654,351.66463844189616,275.20896403895034,108.82496235562172
2019-04-08,193.77722790870328,361.24584611902026,306.8851282714638,124.28043800541974
2019-04-09,169.60506542353212,428.061444079961,207.81184484184357,89.88756566585703
2019-04-10,157.37677215357684,462.94066535053526,215.8895874674302,89.52160818960655
2019-04-11,178.70689935065568,401.8405047249911,333.04007074356446,118.49747360708136
2019-04-16,207.01374961420157,498.2106134479282,413.8751149682992,114.150912034898
2019-04-17,221.45795907484543,550.9275732867819,272.02007633672605,83.91545131743925
2019-04-18,257.1438275125866,547.7239888246179,325.72865532106135,86.6030084902623
2019-04-26,184.5083488228483,412.60102060003624,228.81728344594262,69.28671350999039
2019-04-29,170.6666760621104,218.21362623581598,203.09768916911764,103.79723594055
2019-04-30,179.82677145330652,230.53005522826163,204.39603837507806,102.7534712485041
2019-05-01,190.75984713147662,253.58032242487482,232.5479896551895,103.99284342872404
2019-05-07,216.98925136188416,301.1408989410235,322.4463760917488,143.84222622360616
2019-05-08,238.00096761314808,260.2593790568691,343.738461985287,159.99859848844085
2019-05-09,232.31674081316532,309.22464859850294,326.2258559741281,153.46626425128193
2019-05-13,214.98870187572814,309.86862254912467,235.59268369538339,105.81511096835109
2019-05-14,231.71962767717392,327.76218854517606,260.34466504372773,113.81458614300332
2019-05-15,235.95449937375702,282.31407382877154,426.3675330551012,226.39595008265735
2019-05-16,244.01585349321968,315.46755751282876,452.10038582369776,245.93738570945035
2019-05-20,197.1950362396898,225.89920264562193,584.6519791734496,384.88080740753816
2019-05-21,215.50081261705202,233.61827209474092,687.5294316810296,448.1222951074268
2019-05-22,196.33390943071686,177.01870861997725,693.7351227614358,429.2086099649326
2019-05-24,229.68518685563174,337.6450879602089,830.7395075629672,329.9072960327885
2019-05-28,122.8037068247654,113.15611801942266,359.0076781474689,299.92978094805994
2019-05-30,122.81939226688912,107.86708606828125,407.6723264023729,356.5473786960406
2019-05-31,93.77282253094162,87.380313584884,368.59921501079396,336.9267526083748
2019-06-03,113.87732397482714,119.6967026751105,418.7576055853735,369.30006830698403
2019-06-04,124.21566923992991,134.2134048101859,467.54886848185015,401.16523203072944
2019-06-05,133.0254022812475,147.17053526476786,552.7332333018442,468.7030486428212
2019-06-10,169.21958461459135,182.8528653480874,649.7776215633032,522.520535119617
2019-06-13,147.7676755561767,183.36859928015926,783.8375469610761,609.2759028641144
2019-06-17,141.17260391442113,154.1646258725958,680.8938228375567,587.5876700940038
2019-06-20,163.61395313074834,228.73991114503625,908.3559814942391,536.0358936786868
2019-06-24,98.57368473231905,85.85537216101093,242.50122661067837,207.68483900321505
2019-06-26,90.42993143023888,87.073157550086,273.21007506784423,236.796318925183
2019-06-28,114.45218612410423,103.73687209103771,303.61977177023414,253.7986960073796
2019-07-01,121.70851550251194,141.15837388067993,320.6046886732721,250.1880028891374
2019-07-02,126.79522677448853,151.67810598639144,328.11013052546946,246.55135423175824
2019-07-05,92.19127702666388,93.2912469829482,251.5094735997476,216.72695244328452
2019-07-08,141.81545861443246,160.0311959523944,404.76321275227656,314.1577598514702
2019-07-09,147.8195940680751,139.79099575381426,433.42307158678256,326.0300382752749
2019-07-16,162.3787303441013,161.03426643923328,583.1629842195788,398.3502443933651
2019-07-17,170.72303115491175,216.09356752682962,594.1028754115064,371.1591009677251
2019-07-18,180.53960893503864,217.57750726644238,676.7648908192326,421.5908809441065
2019-07-19,189.99689627475036,241.31954372763948,551.9968681103486,316.93658855932915
2019-07-22,199.87526102688864,224.61239433076494,674.3259848266407,395.03388579042615
2019-07-25,202.85464435958158,297.986426293367,757.9051551439011,321.8754473538815
2019-07-30,150.96368585079543,180.3961152186908,412.6327031746809,297.9140014558902
2019-08-01,126.0499761429473,162.54145206682176,378.18282223628324,252.53623538728
2019-08-02,132.9998603866623,166.52684042232977,286.69270349432196,201.831145689365
2019-08-05,165.75300779808995,204.27141837601008,321.8674159664504,225.04565849248888
2019-08-12,175.05089150740915,202.77576509039707,488.1668868988749,340.84323602707786
2019-08-13,141.36280317607554,274.0859173736049,399.0409527810056,249.26394078187698
2019-08-14,104.76039671273962,184.82635569240074,285.71817857434496,166.32695213373478
2019-08-15,88.74974824342115,196.7685935394085,227.2112827638329,143.2518364235317
2019-08-16,108.28251501515797,234.64758838602086,319.04044988240537,173.30411297826112
2019-08-20,137.5683181770719,264.4261908988116,415.7670931013847,219.91056196640815
2019-08-22,142.13866696279234,232.651655436312,467.7803056818832,195.28664724653711
2019-08-27,84.6664787607615,134.90991900891123,209.88052822352236,119.49135324033283
2019-08-28,83.20599105000122,133.41119544472244,221.09696643782073,106.4550941505498
