date,intra_ret_1,intra_ret_5,intra_ret_15,intra_diff_15_5,intra_blend
2016-11-14,-0.0003427396321261282,-0.0003427396321261282,-0.0003427396321261282,-0.0003427396321261282,-0.0003427396321261282
2016-11-15,-0.00011412919424788861,-0.0005706459712394431,-0.0011406410402646286,0.00011412919424788853,-0.0004184737122422583
2016-11-16,-0.0004569339730408956,-0.0002276348736626451,-0.0007995431182181611,-0.0002276348736626451,-0.0003040679067887286
2016-11-17,0.0009082652134423251,0.0009082652134423251,0.0009082652134423251,0.0009082652134423251,0.0009082652134423251
2016-11-18,-0.00011352026336701091,-0.00011352026336701091,-0.00011352026336701091,-0.00011352026336701091,-0.00011352026336701091
2016-11-22,-0.00022593764121102577,-0.0006768189509306261,-0.0006782726656115759,0.0,-0.0005265251810240927
2016-11-23,-0.00011267605633802817,-0.00011267605633802817,-0.00011267605633802817,0.0,-0.00011267605633802817
2016-11-24,-0.00011263798152737103,-0.00022530134054297624,0.00022527596305474206,-0.0005632533513574405,-0.0001877468875377745
2016-11-28,-0.0001124985937675779,-0.0002248959856066569,-0.0002248201438848921,0.0,-0.0001874301883269639
2016-11-29,-0.000225022502250225,-0.00044943820224719103,-0.00022527596305474206,-0.00011235955056179778,-0.00037463296891486903
2016-11-30,-0.00011235955056179778,-0.00011235955056179778,-0.00011235955056179778,-0.00011235955056179778,-0.00011235955056179778
2016-12-01,-0.00022675736961451248,-0.00034002040122407346,-0.0010204081632653062,0.000566700668706789,-0.00030226605735421977
2016-12-02,0.0,-0.00022670596236681024,0.0,-0.0004534119247336205,-0.00015113730824454016
2016-12-05,-0.00011344299489506523,-0.00022696323195642307,-0.0006808896958692692,0.0004539264639128461,-0.00018912315293597045
2016-12-06,0.00022507314877335134,-0.00011220825852782765,0.00022507314877335134,0.00011220825852782765,2.1887723923201064e-07
2016-12-07,-0.0002244165170556553,-0.001895417549336604,-0.0017839223993756273,-0.00011149514996097666,-0.0013384172052429543
2016-12-08,0.00033211557622052476,0.00033211557622052476,0.00033211557622052476,0.00033211557622052476,0.0003321155762205247
2016-12-09,-0.00011041183614883516,-0.00022082367229767032,-0.00011041183614883516,-0.00011041183614883516,-0.00018401972691472527
2016-12-12,-0.0003297428006155199,-0.00010978153474585576,-0.00010978153474585576,-0.00010978153474585576,-0.00018310195670241048
2016-12-13,-0.00021784119376974187,-0.00021784119376974187,-0.00021784119376974187,-0.00021784119376974187,-0.00021784119376974187
2016-12-14,-0.00021822149481723953,-0.00021822149481723953,-0.00021822149481723953,-0.00021822149481723953,-0.00021822149481723956
2016-12-15,-0.0007673755755316816,-0.00065775049331287,-0.0007673755755316816,0.00010962508221881164,-0.0006942921873858073
2016-12-16,0.0008766162612316459,0.0008766162612316459,0.0008766162612316459,0.0008766162612316459,0.0008766162612316459
2016-12-19,0.0002190580503833516,0.0002190580503833516,0.0002190580503833516,0.0002190580503833516,0.0002190580503833516
2016-12-20,0.0002183406113537118,0.0002183406113537118,0.0002183406113537118,0.0002183406113537118,0.0002183406113537118
2016-12-21,0.00010920607185759527,0.00010920607185759527,0.00010920607185759527,0.00010920607185759527,0.00010920607185759527
2016-12-22,-0.00010962508221881167,-0.00043806811959259663,-0.00021903405979629831,-0.00021903405979629831,-0.0003285871071346683
2016-12-23,-0.00021891418563922942,-0.0001096611470555982,0.00010964912280701755,-0.0002193222941111964,-0.00014607882658347528
2016-12-27,-0.00010948105977665864,0.00010950503723171266,0.00010950503723171266,0.00010950503723171266,3.650967156225556e-05
2016-12-28,-0.00022026431718061675,0.0002201915666629968,0.0002201915666629968,0.0002201915666629968,7.337293871512563e-05
2016-12-29,0.0,-0.00033068783068783067,-0.0006613756613756613,0.00033068783068783067,-0.0002204585537918871
2017-01-03,-0.0005518763796909492,-0.0005520591807441757,-0.0007728828530418461,0.00022082367229767032,-0.0005519982470597669
2017-01-04,-0.00043677658877484165,-0.0008735531775496833,-0.000655307994757536,-0.0008735531775496833,-0.0007279609812914028
2017-01-05,-0.0006571741511500548,-0.000547645125958379,-0.0006571741511500548,-0.00010952902519167576,-0.0005841548010222709
2017-01-06,-0.00021746221593998044,-0.0004351610095735422,-0.0010882576994232234,0.00010879025239338554,-0.00036259474502902165
2017-01-09,-0.00021843599825251202,-0.000327653997378768,-0.000982961992136304,0.0006553079947575359,-0.000291247997670016
2017-01-10,0.0001092418614813196,0.0001092418614813196,0.0001092418614813196,0.0001092418614813196,0.0001092418614813196
2017-01-11,-0.0006566706796541534,-0.0013156452143405328,-0.00274092752987611,0.0014252823155355774,-0.0010959870361117398
2017-01-12,-0.0003278688524590164,-0.000546448087431694,-0.0008759443775320267,-0.0003278688524590164,-0.00047358834244080146
2017-01-13,-0.00032697547683923706,-0.00032697547683923706,-0.00032697547683923706,-0.00032697547683923706,-0.00032697547683923706
2017-01-16,0.00032740368874822657,0.00032740368874822657,0.00032740368874822657,0.00032740368874822657,0.00032740368874822657
2017-01-17,-0.0005475851494907458,-0.0008761362391851933,0.0013104728622911435,0.00010951702989814912,-0.000766619209287044
2017-01-18,-0.00021867483052700635,-0.00043739748496446145,-0.0006558810668998689,-0.00021869874248223073,-0.0003644899334853097
2017-01-19,0.0016414970453053185,0.0016414970453053185,0.0016414970453053185,0.0016414970453053185,0.0016414970453053183
2017-01-20,-0.00021841214371519057,0.0,0.0,0.0,-7.280404790506352e-05
2017-01-23,0.000548185505975222,0.000548185505975222,0.000548185505975222,0.000548185505975222,0.000548185505975222
2017-01-24,0.0,0.0,0.0,0.0,0.0
2017-01-25,-0.00010863661053775122,-0.00010863661053775122,-0.0011942242970361524,-0.00010863661053775122,-0.00010863661053775122
2017-01-26,-0.0003239041243791838,-0.0008637443316778234,0.0007549611734253667,-0.00010796804145972796,-0.0006837975959116102
2017-01-27,-0.0006476683937823834,-0.0006476683937823834,-0.0004323856880337261,-0.0006476683937823834,-0.0006476683937823834
2017-01-30,-0.0005454942177612917,0.0,0.0,0.0,-0.00018183140592043057
2017-01-31,-0.0004363953742090334,-0.0004363953742090334,-0.0004363953742090334,-0.0004363953742090334,-0.0004363953742090334
2017-02-01,-0.00021769892239033417,-0.00010884946119516707,-0.00010884946119516707,-0.00010884946119516707,-0.00014513261492688943
2017-02-02,-0.00043554006968641115,-0.0007618632999564649,-0.0014155052264808363,0.000544188071397475,-0.000653088889866447
2017-02-03,-0.00032376429958989856,-0.00032376429958989856,-0.00021591277124041888,-0.00032376429958989856,-0.00032376429958989856
2017-02-06,0.00010821339681852619,0.00010821339681852619,0.00010821339681852619,0.00010821339681852619,0.00010821339681852619
2017-02-07,0.00010818998160770312,-0.0003245699448231094,-0.0007573298712539219,0.0,-0.00018031663601283856
2017-02-08,-0.0005406574394463668,-0.0006482281763180639,-0.00043252595155709344,-0.0006482281763180639,-0.0006123712640274982
2017-02-09,-0.00021628636314480372,-0.000643915003219575,-0.0006445375443119562,-0.00010731916720326245,-0.0005013721231946512
2017-02-10,0.00042771599657827206,0.00042771599657827206,0.00042771599657827206,0.00042771599657827206,0.00042771599657827206
2017-02-14,-0.00010641694157709908,0.00010641694157709908,-0.0006364697146494112,0.00010641694157709908,3.5472313859033024e-05
2017-02-15,-0.0005283178360101436,-0.0005283178360101436,-0.001162422064884286,-0.0005283178360101436,-0.0005283178360101436
2017-02-16,-0.00010563008344776595,-0.00010563008344776595,-0.0007398013105051786,-0.00010563008344776595,-0.00010563008344776595
2017-02-17,-0.00031699070160608623,0.00042274360600295924,0.00042274360600295924,0.00042274360600295924,0.00017616550346661076
2017-02-18,0.0,0.0,0.0,0.0,0.0
2017-02-20,-0.0003161222339304531,-0.0003161222339304531,-0.0003161222339304531,-0.0003161222339304531,-0.0003161222339304531
2017-02-21,-0.00010515247108307045,-0.0001052299273913501,0.0005257623554153524,0.00021045985478270021,-0.00010520410862192354
2017-02-22,-0.0002096216329525207,-0.0002096216329525207,0.0005238893545683152,0.0,-0.0002096216329525207
2017-02-24,-0.00010499790004199917,-0.0003149275666596683,-0.00042003570303475793,-0.0005248792777661138,-0.00024495101112044526
2017-02-27,-0.0005227391531625719,-0.0005227391531625719,-0.0005227391531625719,-0.0005227391531625719,-0.0005227391531625719
2017-02-28,0.00010456969570218552,0.00010456969570218552,0.00010456969570218552,0.00010456969570218552,0.00010456969570218552
2017-03-01,-0.00010450412791305257,-0.00010450412791305257,-0.00010450412791305257,-0.00010450412791305257,-0.00010450412791305256
2017-03-02,0.00020740433475059628,0.00020740433475059628,0.00020740433475059628,0.00020740433475059628,0.00020740433475059628
2017-03-03,-0.0005205080158234437,-0.0007282563462338743,-0.0003126302626094206,-0.0010403662089055348,-0.0006590069027637308
2017-03-06,0.00010424267695194412,0.00010424267695194412,0.00010424267695194412,0.00010424267695194412,0.00010424267695194414
2017-03-07,-0.0003133159268929504,-0.0007309941520467836,-0.0002086158339417962,-0.00020885547201336674,-0.0005917680769955059
2017-03-08,-0.0004181038988188565,-0.0007310704960835509,-0.0003136107045787163,-0.0005221932114882506,-0.0006267482969953194
2017-03-09,-0.00010470107842110774,-0.00010470107842110774,-0.00010469011725293132,-0.00010470107842110774,-0.00010470107842110774
2017-03-10,-0.00020863759649488838,-0.0003136762860727729,-0.00020863759649488838,-0.0003136762860727729,-0.0002786633895468114
2017-03-11,0.0,0.0,0.0,0.0,0.0
2017-03-13,0.00020874647740319385,-0.00020876826722338206,-0.0005219206680584551,0.000313152400835073,-6.959668568119009e-05
2017-03-14,-0.00010431879824744419,0.0,0.0,0.0,-3.4772932749148066e-05
2017-03-15,0.00020831163420477028,-0.0005211590577444236,-0.0010423181154888472,0.0005211590577444236,-0.00027800216042802564
2017-03-16,-0.00020738282870178348,-0.0004145077720207254,-0.00041480866950119257,0.0,-0.00034546612424774474
2017-03-17,-0.00010395010395010396,-0.0007276507276507277,0.00041545492314083916,-0.00010395010395010396,-0.0005197505197505198
2017-03-18,0.000416276407534603,0.000416276407534603,0.000416276407534603,0.000416276407534603,0.000416276407534603
2017-03-20,0.0005208333333333332,0.0005208333333333332,0.0005208333333333332,0.0005208333333333332,0.0005208333333333332
2017-03-21,0.0004162330905306972,-0.00020863759649488838,-0.00020863759649488838,0.0,-3.473674863598529e-07
2017-03-22,-0.0003170577045022194,-0.0005279273571956499,-0.0007390983000739098,0.00021117094287825995,-0.0004576374729645064
2017-03-23,-0.00031582271818086113,-0.0006316454363617223,0.00021059281878487945,-0.0006316454363617223,-0.0005263711969681019
2017-03-24,-0.000632577754348972,-0.0006321778527025603,-0.0011597258829731155,-0.0006321778527025603,-0.0006323111532513642
2017-03-27,-0.00021238186258893484,-0.00021238186258893484,-0.00021238186258893484,-0.00021238186258893484,-0.00021238186258893484
2017-03-28,0.00010509721492380452,0.00010509721492380452,-0.0014739945251631922,0.00010509721492380452,0.00010509721492380452
2017-03-29,0.0,-0.00010506408909434755,-0.0006297890206780728,0.00010506408909434755,-7.004272606289837e-05
2017-03-30,0.0,0.0,-0.0007319113341698034,0.0,0.0
2017-03-31,0.0011494252873563218,-0.0003140374751386999,0.0011494252873563218,-0.00020935831675913328,0.00017378344569297398
2017-04-03,-0.0009493670886075949,-0.001265155508697944,-0.002109704641350211,0.0002108592514496574,-0.001159892702001161
2017-04-04,-0.00010506408909434755,-0.00010506408909434755,-0.00010506408909434755,-0.00010506408909434755,-0.00010506408909434755
2017-04-05,-0.00010484378276368212,0.00010486577181208053,0.00010486577181208053,0.00010486577181208053,3.4962586953492986e-05
2017-04-06,-0.000949166842438304,-0.000949166842438304,-0.000949166842438304,-0.000949166842438304,-0.000949166842438304
2017-04-07,0.00010495382031905961,0.00010495382031905961,0.00010495382031905961,0.00010495382031905961,0.00010495382031905961
2017-04-10,0.0,0.0,0.0,0.0,0.0
2017-04-11,-0.00031608892635128015,-0.0008429038036034137,-0.00042078687144961075,-0.00010536297545042672,-0.0006672988445193692
2017-04-12,-0.00042225271825187374,-0.0011611949751926527,-0.0010556317956296843,-0.00010556317956296837,-0.0009148808895457263
2017-04-13,-0.00021179709837975219,-0.0006353912951392566,-0.0009530869427088849,0.00031769564756962835,-0.0004941932295527551
2017-04-17,-0.00031699070160608623,-0.00010566356720202873,-0.0007399577167019028,0.0006339814032121725,-0.00017610594533671456
2017-04-18,-0.0003175275190516511,0.00031689025034329775,0.00031689025034329775,0.00031689025034329775,0.00010541766054498146
2017-04-19,0.0,-0.0004226096143687269,-0.0004226096143687269,0.0,-0.0002817397429124846
2017-04-20,-0.00021166260979997884,-0.00021166260979997884,0.0007344454936522925,0.0,-0.00021166260979997887
2017-04-21,-0.00010530749789385004,-0.0003155569580309246,-0.0006313795643481006,-0.0009466708740927738,-0.00024547380465189976
2017-04-24,-0.00031285848367921577,-0.0008338544923910778,-0.0010423181154888472,0.00020846362309776944,-0.0006601891561537904
2017-04-25,-0.0003108486167236556,-0.00010436234606553955,-0.0003108486167236556,0.00041744938426215825,-0.00017319110295157823
2017-04-26,0.0007226925459425976,-0.0018618121638394704,0.0007226925459425976,-0.0006206040546131567,-0.0010003105939121145
2017-04-27,-0.00041523928163604275,-0.0004152823920265781,-0.0012458471760797341,0.0008305647840531561,-0.0004152680218963997
2017-04-28,-0.0003114941335271519,-0.0003114941335271519,-0.00010383137784238397,-0.0003114941335271519,-0.0003114941335271519
2017-05-02,-0.0003108164111065064,-0.00010360547036883547,-0.0005179200331468821,0.00020721094073767097,-0.00017267578394805912
2017-05-03,-0.0004150669295423887,-0.0004150669295423887,-0.0004150669295423887,-0.0004150669295423887,-0.0004150669295423887
2017-05-04,0.0008297033810412777,0.0008297033810412777,0.0008297033810412777,0.0008297033810412777,0.0008297033810412777
2017-05-05,-0.0006207324643078833,-0.0004146366746138696,-0.0004139072847682119,-0.0004146366746138696,-0.0004833352711785409
2017-05-08,-0.0010330578512396695,-0.0004132658332472363,-0.0009297520661157025,0.0004132658332472363,-0.0006198631725780474
2017-05-09,0.00010325245224574084,-0.00010325245224574084,0.00010325245224574084,-0.00010325245224574084,-3.441748408191361e-05
2017-05-10,0.0,-0.00041296716911005574,0.0,-0.00041296716911005574,-0.0002753114460733705
2017-05-11,-0.00010326311441553078,-0.00020646226902033653,-0.00010323113451016826,-0.00010323113451016826,-0.00017206255081873462
2017-05-12,-0.00020712510356255177,-0.0001035518276897587,-0.0004142931123770067,-0.0001035518276897587,-0.00013807625298068973
2017-05-16,-0.00020612181799443472,-0.00041224363598886944,-0.0006183654539833041,0.0002061218179944347,-0.0003435363633240579
2017-05-17,-0.0008309961566427755,-0.0008309961566427755,-0.0008309961566427755,-0.0008309961566427755,-0.0008309961566427755
2017-05-18,-0.00031305436710842114,0.000732370788867964,0.000732370788867964,0.000732370788867964,0.00038389573687583567
2017-05-19,-0.00010459156991946449,-0.00020920502092050208,-0.0007321409894362514,0.0004184100418410042,-0.00017433387058682286
2017-05-22,0.00010372368011617052,0.00010372368011617052,0.00010372368011617052,0.00010372368011617052,0.00010372368011617052
2017-05-23,0.00010346611484738747,-0.00020631318341242006,-0.0004126263668248401,0.00020631318341242006,-0.00010305341732581754
2017-05-24,-0.00030924646943614057,-0.00030924646943614057,-0.00010312467773538208,-0.00030924646943614057,-0.00030924646943614057
2017-05-25,-0.0007198683669271905,-0.0007198683669271905,-0.0007198683669271905,-0.0007198683669271905,-0.0007198683669271906
2017-05-26,-0.00030715675232927207,-0.00030715675232927207,-0.00020502306509482317,-0.00030715675232927207,-0.00030715675232927207
2017-05-29,0.00010233319688907081,0.00010233319688907081,0.00010233319688907081,0.00010233319688907081,0.00010233319688907081
2017-05-30,-0.00020491803278688525,-0.0004098360655737705,-0.00010249051962693452,-0.00020491803278688525,-0.0003415300546448087
2017-05-31,-0.0008206811653672548,-0.0008206811653672548,-0.0009249743062692703,-0.0008206811653672548,-0.0008206811653672548
2017-06-01,-0.00010214504596527068,-0.00030643513789581204,-0.0003072825975622247,-0.00030643513789581204,-0.0002383384405856316
2017-06-02,-0.00010154346060113728,-0.0003051881993896236,-0.001017293997965412,0.0007121057985757884,-0.0002373066197934615
2017-06-05,-0.0009134273825230895,-0.0009134273825230895,-0.0004059677255658175,-0.0009134273825230895,-0.0009134273825230896
2017-06-06,-0.0005078720162519045,-0.0003045994517209869,-0.0003045994517209869,-0.0003045994517209869,-0.00037235697323129277
2017-06-07,-0.0002035830618892508,-0.0002035830618892508,-0.0002035830618892508,-0.0002035830618892508,-0.0002035830618892508
2017-06-09,-0.0005094243504839531,-0.0004075394803871625,-0.00030361299463617044,-0.0005094243504839531,-0.0004415011037527594
2017-06-12,0.0005091131249363609,-0.0008151620134501732,0.0005091131249363609,-0.0004075810067250866,-0.00037373696732132845
2017-06-13,-0.00020294266869609335,-0.0002033760423022168,-0.0007108764090585965,0.0,-0.000203231584433509
2017-06-14,-0.0002032520325203252,-0.0011178861788617887,-0.0009125012673628713,-0.0011178861788617887,-0.0008130081300813009
2017-06-15,-0.00010183299389002037,-0.00030543677458766036,0.00030549898167006107,0.00010181225819588677,-0.00023756884768844704
2017-06-16,0.00010178117048346055,-0.00040716612377850165,-0.0006107491856677524,0.00020358306188925074,-0.0002375170256911809
2017-06-19,-0.0001013890297069857,-0.00040351054171290223,-0.0003026329062846767,-0.00010087763542822553,-0.0003028033710442634
2017-06-20,0.0004042854255104104,0.0004042854255104104,0.0004042854255104104,0.0004042854255104104,0.0004042854255104104
2017-06-21,0.00020312817387771681,0.00020312817387771681,0.00020312817387771681,0.00020312817387771681,0.00020312817387771681
2017-06-22,-0.0002026958548697679,0.00010133765707336843,0.00010133765707336843,0.00010133765707336843,-6.846907677012495e-09
2017-06-23,-0.00010135819987837016,-0.00010135819987837016,-0.0007099391480730223,-0.00010135819987837016,-0.00010135819987837016
2017-06-26,-0.0004050222762251924,-0.0004050222762251924,-0.0004050222762251924,-0.0004050222762251924,-0.0004050222762251924
2017-06-27,-0.0003058727569331158,-0.0009176182707993475,0.0029477536084570035,-0.00040783034257748784,-0.0007137030995106036
2017-06-28,-0.00040535062829347385,-0.0008113590263691683,-0.00020431096128307284,-0.0006085192697768763,-0.0006760228936772702
2017-06-29,-0.0018436955853733483,-0.000821186614658181,-0.0022582631903099977,0.0014370765756518168,-0.0011620229382299035
2017-06-30,-0.00040766408479412964,-0.0004084550188910446,-0.000612119975515201,-0.00030634126416828345,-0.00040819137419207297
2017-07-03,0.0018266693728435151,0.0018266693728435151,0.0018266693728435151,0.0018266693728435151,0.0018266693728435151
2017-07-04,-0.00030559233981868186,-0.0014260975858205154,-0.0018335540389120913,0.0004074564530915758,-0.0010525958371532375
2017-07-05,-0.0003050950879690837,-0.0005088540606554041,-0.0011205052460018336,-0.00010177081213108086,-0.00044093440309329727
2017-07-06,-0.00020470829068577282,-0.00020470829068577282,-0.00020470829068577282,-0.00020470829068577282,-0.00020470829068577282
2017-07-07,-0.000102291325695581,-0.00041013021634368914,-0.000717727878601456,0.0003075976622577668,-0.00030751725279431976
2017-07-10,-0.00020360378703043877,-0.00020360378703043877,-0.0004070418235473695,0.00010180189351521938,-0.00020360378703043877
2017-07-11,-0.00010210332856851133,-0.0005105166428425567,0.00030618493570116345,-0.00010210332856851136,-0.00037437887141787495
2017-07-12,-0.00040498126961628026,-0.00040498126961628026,-0.00040498126961628026,-0.00040498126961628026,-0.00040498126961628026
2017-07-13,-0.0002022653721682848,0.0003031221582297666,0.0003031221582297666,0.0003031221582297666,0.0001346596480970828
2017-07-14,-0.00020185708518368994,-0.0006055712555510698,0.00020181634712411706,-0.0006055712555510698,-0.00047099986542860985
2017-07-17,-0.00010057326762546515,-0.0003015378429992964,-0.00010055304172951231,-0.0001005126143330988,-0.0002345496512080193
2017-07-18,-0.00030199315482182406,-0.00030199315482182406,-0.00030199315482182406,-0.00030199315482182406,-0.00030199315482182406
2017-07-19,-0.0002002002002002002,-0.0003003003003003003,-0.0003003003003003003,0.0,-0.0002669336002669336
2017-07-20,-9.992006394884092e-05,-9.992006394884092e-05,-9.992006394884092e-05,-9.992006394884092e-05,-9.992006394884092e-05
2017-07-21,-0.00020018016214593134,-9.986019572598363e-05,-9.986019572598363e-05,-9.986019572598363e-05,-0.00013330018453263284
2017-07-24,-0.00010020040080160322,-0.00010020040080160322,-0.00010020040080160322,-0.00010020040080160322,-0.00010020040080160322
2017-07-25,-0.00030030030030030034,-0.00030030030030030034,-0.00039916176030336295,-0.00030030030030030034,-0.00030030030030030034
2017-07-26,-9.979044007584074e-05,-0.00039916176030336295,-0.0006986027944111777,-0.00039916176030336295,-0.00029937132022752217
2017-07-27,-0.0005015045135406219,-0.0005019072475406545,0.0011955763674404703,0.0008030515960650472,-0.000501773002873977
2017-07-28,-0.00010026067776218166,-0.00010026067776218166,-0.0006007810153199159,-0.00010026067776218166,-0.00010026067776218164
2017-07-31,-0.00020004000800160032,0.0003000600120024005,-0.0005002501250625312,0.0003000600120024005,0.00013336000533440022
2017-08-01,0.00019976028765481422,0.00019976028765481422,0.00019976028765481422,0.00019976028765481422,0.00019976028765481422
2017-08-02,-9.992006394884092e-05,0.00019984012789768185,0.00019984012789768185,0.00019984012789768185,9.992006394884092e-05
2017-08-03,0.00020004000800160032,0.00020004000800160032,0.00020004000800160032,0.00020004000800160032,0.00020004000800160032
2017-08-04,-0.00029982010793523883,-0.0004997001798920647,-0.0007995202878273036,0.0002998201079352389,-0.00043307348923978943
2017-08-07,-0.00019962072063080147,-9.976057462090982e-05,-0.0002993713202275222,-9.976057462090982e-05,-0.0001330472899575404
2017-08-08,0.0005960067547432204,0.0005960067547432204,0.0005960067547432204,0.0005960067547432204,0.0005960067547432204
2017-08-09,-0.00020012007204322596,-0.00020012007204322596,-0.00020012007204322596,-0.00020012007204322596,-0.00020012007204322593
2017-08-10,-0.00019990004997501247,-0.00019990004997501247,-0.00019990004997501247,-0.00019990004997501247,-0.00019990004997501247
2017-08-11,-0.00030432136335970786,-0.0002028809089064719,-0.0006086427267194157,0.0004057618178129438,-0.00023669439372421723
2017-08-14,-0.00030084235860409147,-0.0006016847172081829,-0.0004010829238945152,-0.00030084235860409147,-0.0005014039310068191
2017-08-15,-0.0002007226013649137,-0.0005018065034122842,-0.0006020469596628537,0.0,-0.0004014452027298274
2017-08-16,-0.0005009016229212583,-0.0004007212983370066,-0.0001999600079984003,0.0,-0.00043411473986509056
2017-08-17,-0.0007079288025889968,-0.0007079288025889968,-0.0007079288025889968,-0.0007079288025889968,-0.0007079288025889967
2017-08-18,-0.0003051881993896236,-0.0003051881993896236,-0.0003051881993896236,-0.0003051881993896236,-0.0003051881993896236
2017-08-21,-0.0004074149521287432,-0.0004074149521287432,-0.0004074149521287432,-0.0004074149521287432,-0.00040741495212874324
2017-08-22,0.00010153315057366227,0.00010153315057366227,0.00010153315057366227,0.00010153315057366227,0.00010153315057366227
2017-08-23,-0.00020214271275520516,-0.0004042854255104103,-0.0008085708510208206,0.0004042854255104103,-0.00033690452125867523
2017-08-24,-0.0003037974683544304,-0.0005065342923715935,-0.0007087889833940867,-0.0003039205754229561,-0.0004389553510325391
2017-08-25,-0.0006066120715802245,-0.0005055100596501871,-0.0007079288025889968,-0.0006066120715802245,-0.0005392107302935328
2017-08-28,0.0,0.0,0.0,0.0,0.0
2017-08-29,-0.00010108157282927321,-0.0006067961165048543,-0.0007079288025889968,0.0001011326860841425,-0.0004382246019463273
2017-08-30,-0.000502209722780233,-0.000502209722780233,-0.0003014469453376206,-0.000502209722780233,-0.000502209722780233
2017-08-31,-0.00030150753768844223,-0.00030150753768844223,-0.00030150753768844223,-0.00030150753768844223,-0.00030150753768844223
2017-09-01,-9.997000899730081e-05,-0.0002991026919242273,-0.00039872408293460925,-0.0002991026919242273,-0.00023272513094858512
2017-09-05,-0.0009079903147699758,-0.001513317191283293,-0.0019168684422921712,0.0004035512510088782,-0.001311541565778854
2017-09-06,-0.0004014049172102358,-0.0004014049172102358,-0.00030120481927710846,-0.0004014049172102358,-0.0004014049172102357
2017-09-07,-0.0005019576347756249,-0.00060234916173075,-0.0008031322156409999,0.0002007830539102499,-0.000568885319412375
2017-09-08,-0.00020080321285140563,-0.0004013243704223939,-0.00040160642570281126,-0.00030099327781679544,-0.0003344839845653978
2017-09-12,0.00019811788013868252,-0.00029732408325074334,0.00019811788013868252,-0.0003964321110009911,-0.0001321767621209347
2017-09-13,-0.00019798059790140566,-9.903931860948797e-05,-0.0004951965930474399,0.0003961572744379519,-0.0001320197450401272
2017-09-14,0.0,-0.000593941793704217,0.0,-0.00039596119580281137,-0.0003959611958028113
2017-09-15,-0.0002969121140142518,-0.0002975895248487253,-0.00039592200336533703,-0.00019839301656581686,-0.00029736372123723414
2017-09-18,-0.0004934372841211883,-0.0004934372841211883,-0.0004934372841211883,-0.0004934372841211883,-0.0004934372841211883
2017-09-19,9.86679822397632e-05,-0.00029574132492113565,-0.00019718032140392388,-9.858044164037856e-05,-0.00016427155586750268
2017-09-20,-9.859016070196195e-05,-9.859016070196195e-05,-0.0004931452805996647,-9.859016070196195e-05,-9.859016070196195e-05
2017-09-21,9.86290561199329e-05,9.86290561199329e-05,9.86290561199329e-05,9.86290561199329e-05,9.86290561199329e-05
2017-09-22,-0.00019801980198019803,-0.000296794618124258,-0.0004946576968737634,9.893153937475267e-05,-0.00026386967940957137
2017-09-25,-0.0003969829297340214,-0.0005950609937518596,-0.0009924573243350536,9.917683229197663e-05,-0.0005290349724125802
2017-09-26,-0.0003958436417615042,-0.0003960788196851173,-0.0006931379344489553,0.000297059114763838,-0.0003960004270439129
2017-09-27,-0.000197667523225934,-0.0004941199723292815,-0.0005933544303797469,-0.00019764798893171263,-0.0003953024892948324
2017-09-28,-9.864851533984413e-05,-9.864851533984413e-05,-0.00029556650246305416,-9.864851533984413e-05,-9.864851533984412e-05
2017-09-29,-0.0003929273084479371,-0.0005893330714075238,-0.0005893909626719057,-0.0005893330714075238,-0.0005238644837543282
2017-10-02,-0.000196078431372549,-0.000196078431372549,-0.0006858038600960126,-0.000196078431372549,-0.000196078431372549
2017-10-03,9.765625e-05,9.765625e-05,9.765625e-05,9.765625e-05,9.765625000000002e-05
2017-10-04,-0.000389749585891065,-0.0004874244492103724,-0.0003899395593682979,-9.748488984207449e-05,-0.0004548661614372699
2017-10-05,-0.0002910360884749709,-0.00048506014745828483,-0.0011641443538998836,0.0006790842064415988,-0.0004203854611305135
2017-10-06,0.0,0.0,0.0,0.0,0.0
2017-10-09,0.0,-0.0002908103916246607,-0.00038774718883288094,9.693679720822022e-05,-0.00019387359441644047
2017-10-10,-0.0002909796314258002,-0.0002910360884749709,9.694619486185166e-05,-9.701202949165697e-05,-0.0002910172694585807
2017-10-11,-0.00029055690072639226,-0.0001938360147315371,-0.00048426150121065375,9.69180073657686e-05,-0.00022607631006315548
2017-10-12,0.0,-0.0002904725019364833,0.0,-9.682416731216108e-05,-0.00019364833462432222
2017-10-13,-0.0006769825918762089,-0.0006769825918762089,-0.0006769825918762089,-0.0006769825918762089,-0.0006769825918762088
2017-10-16,0.0,0.0,0.0,0.0,0.0
2017-10-17,9.67305088024763e-05,9.67305088024763e-05,9.67305088024763e-05,9.67305088024763e-05,9.67305088024763e-05
2017-10-18,-0.00019312475859405175,-0.0002896591677126581,-0.0004827652795210968,0.00019310611180843872,-0.0002574810313397893
2017-10-19,-0.0012622584716962813,-0.0011651616661811825,-0.0009709680551509856,-0.00019419361103019698,-0.0011975272680195487
2017-10-20,-0.00019290123456790122,-0.0011574074074074073,-0.003279320987654321,0.0021219135802469135,-0.0008359053497942387
2017-10-23,-0.00019212295869356388,-0.0004803535402055913,-0.00038424591738712776,-0.0004803535402055913,-0.00038427667970158215
2017-10-24,-9.626492106276473e-05,-0.0002887947631882942,-0.00048123195380173246,-9.626492106276473e-05,-0.00022461814914645105
2017-10-25,-9.707795359673819e-05,-0.0005813390175370604,-0.0012628715756751506,0.0005813390175370604,-0.00041991866289028636
2017-10-26,-0.0005789829200038599,-0.0005789829200038599,-0.0005789829200038599,-0.0005789829200038599,-0.0005789829200038599
2017-10-27,-0.00028904518739762984,-0.0003831417624521073,-0.0006712696586114307,-0.0003831417624521073,-0.00035177623743394814
2017-10-30,-0.0002886836027713626,-0.0005773672055427252,-0.0012509622786759046,0.0006735950731331794,-0.000481139337952271
2017-10-31,-0.0002881014116969173,-0.00028782500239854167,-0.0002881014116969173,-0.00038376666986472224,-0.00028791713883133353
2017-11-01,-0.00038369304556354914,-0.0007673860911270983,-0.0009592326139088729,0.00019184652278177465,-0.000639488409272582
2017-11-02,-0.00028790786948176584,-0.00028790786948176584,9.61076405574243e-05,-0.00028790786948176584,-0.00028790786948176584
2017-11-03,-0.0003825188868700392,-0.00047865211564235115,-0.0006704338664878843,-0.00019146084625694046,-0.00044660770605158055
2017-11-06,-0.00019146084625694046,0.00019138755980861245,0.00019138755980861245,0.00019138755980861245,6.377142445342814e-05
2017-11-07,-9.553835865099827e-05,-9.553835865099827e-05,-9.553835865099827e-05,-9.553835865099827e-05,-9.553835865099827e-05
2017-11-08,-0.0003824091778202677,-0.0003824091778202677,-0.0004776917932549919,-9.560229445506691e-05,-0.0003824091778202677
2017-11-09,-0.0001905306277984186,0.0,0.0,0.0,-6.351020926613953e-05
2017-11-10,0.0,0.0,-0.0006713340366356574,0.0,0.0
2017-11-13,-0.0001912960306073649,0.0,0.0,0.0,-6.37653435357883e-05
2017-11-14,-0.0003831784653702462,-0.0008655510675129833,-0.0007693787266782073,-9.617234083477593e-05,-0.0007047602001320708
2017-11-15,-0.00019228920296125374,-0.00038446751249519417,-0.00038446751249519417,-0.00038446751249519417,-0.0003204080759838807
2017-11-16,-0.00028658769583492547,-0.00028658769583492547,-0.0004776461597248758,0.00019105846388995035,-0.00028658769583492547
2017-11-17,-0.0006698564593301435,-0.0006698564593301435,-0.0006698564593301435,-0.0006698564593301435,-0.0006698564593301436
2017-11-20,-0.0002872187649593107,-0.000671785028790787,-0.0007677543186180423,9.59692898272553e-05,-0.0005435962741802948
2017-11-22,0.0,-0.0002855782960495002,-0.000475827940616673,-9.519276534983339e-05,-0.0001903855306996668
2017-11-23,-9.516558812333461e-05,-0.00019074868860276584,-0.0010491177873152122,0.0008583690987124463,-0.0001588876551096221
2017-11-24,-0.00018989745537409798,-9.505703422053231e-05,-9.50660709192889e-05,0.0,-0.0001266705079383875
2017-11-27,9.494872768704899e-05,-0.00018995156235160034,-0.0002849273435274005,9.497578117580017e-05,-9.49847990053839e-05
2017-11-28,0.0013215027373985277,0.0013215027373985277,0.0013215027373985277,0.0013215027373985277,0.0013215027373985274
2017-11-29,0.0002821935847991722,0.0002821935847991722,-0.0011304757418747057,0.0002821935847991722,0.0002821935847991722
2017-11-30,-0.0007455731593662628,-0.000373169138912212,-0.000373169138912212,-0.000373169138912212,-0.0004973038123968957
2017-12-01,-0.0007520917551941337,-0.0006578329104407481,-0.0006578329104407481,-0.0006578329104407481,-0.0006892525253585432
2017-12-04,-0.0002791476691169629,0.00046498651539105364,0.00046498651539105364,0.00046498651539105364,0.0002169417872217148
2017-12-06,-0.00018832391713747648,-0.00018832391713747648,-0.00018832391713747648,-0.00018832391713747648,-0.0001883239171374765
2017-12-07,0.0001872659176029963,0.0001872659176029963,0.0001872659176029963,0.0001872659176029963,0.00018726591760299632
2017-12-08,9.360666479453337e-05,9.360666479453337e-05,9.360666479453337e-05,9.360666479453337e-05,9.360666479453337e-05
2017-12-11,-9.296272194849863e-05,-9.296272194849863e-05,-9.296272194849863e-05,-9.296272194849863e-05,-9.296272194849863e-05
2017-12-12,-0.0002779064381658175,-0.00037064492216456633,-0.0009266123054114158,0.0005559673832468495,-0.0003397320941649834
2017-12-13,-0.0006479081821547575,0.00018528812303131369,0.00018528812303131369,0.00018528812303131369,-9.244397869737672e-05
2017-12-14,-9.298000929800093e-05,-0.00018596001859600187,-0.00037192003719200374,0.00018596001859600187,-0.0001549666821633349
2017-12-15,0.0,0.0,-0.0005536587616499031,0.0,0.0
2017-12-18,-0.0006453992255209294,-0.0004609994468006638,-0.0003687995574405311,-9.219988936013274e-05,-0.000522466039707419
2017-12-19,-9.178522257916475e-05,-9.178522257916475e-05,-0.0003682563063892469,-9.178522257916475e-05,-9.178522257916474e-05
2017-12-20,9.186110600771634e-05,-9.214891264283081e-05,-0.0002759635728083893,-0.00018429782528566163,-3.08122397593151e-05
2017-12-21,0.0,0.0,0.0,0.0,0.0
2017-12-22,-0.00018400956849756186,-0.0002762685330140897,-0.0005525370660281794,-0.0002762685330140897,-0.00024551554484191374
2017-12-26,0.0,-9.210647508519849e-05,-0.00027631942525559546,0.00018421295017039696,-6.140431672346566e-05
2017-12-27,0.0,0.0,0.0,0.0,0.0
2017-12-28,-9.205560158335634e-05,-9.205560158335634e-05,-0.00018416206261510129,-9.205560158335634e-05,-9.205560158335634e-05
2017-12-29,-9.218289085545723e-05,-9.218289085545723e-05,-9.218289085545723e-05,-9.218289085545723e-05,-9.218289085545723e-05
2018-01-02,-0.00027568461679838266,-0.0006432641058628928,-0.0009189487226612755,0.00027568461679838266,-0.0005207376095080562
2018-01-03,-0.0002753809436387002,-0.0002753809436387002,-0.0002753809436387002,-0.0002753809436387002,-0.0002753809436387002
2018-01-04,-0.00027252906976744186,-0.0008175872093023256,-0.0009083477155054955,-9.0843023255814e-05,-0.0006359011627906976
2018-01-05,9.052231375033946e-05,-0.0004532269760696157,-0.0007226738934056008,9.06453952139231e-05,-0.0002719772127962973
2018-01-06,-9.022013713460844e-05,-9.022013713460844e-05,-9.022013713460844e-05,-9.022013713460844e-05,-9.022013713460844e-05
2018-01-08,-9.009009009009009e-05,-9.009009009009009e-05,-9.009009009009009e-05,-9.009009009009009e-05,-9.009009009009009e-05
2018-01-09,-9.015506671474937e-05,-9.015506671474937e-05,0.00027041644131963225,-9.015506671474937e-05,-9.015506671474937e-05
2018-01-10,0.0014410519679365938,0.0014410519679365938,0.0014410519679365938,0.0014410519679365938,0.0014410519679365936
2018-01-11,-0.0009897426669066042,-0.0006271839440910313,-0.0008097894547417671,8.959770629871869e-05,-0.0007480368516962223
2018-01-12,-0.00035549235691432633,-0.00026680896478121667,-0.0008,0.00035574528637495546,-0.0002963700954922532
2018-01-16,-0.0011579228645230248,-0.0013354700854700855,-0.003032465215840171,-0.0005341880341880342,-0.001276287678487732
2018-01-17,-0.00035326326945155876,-0.00026678523788350376,-0.0007065265389031175,0.0001778568252556692,-0.0002956112484061888
2018-01-18,-0.00035298270384751147,-0.00088386070355312,-0.00132579105532968,0.00044193035177656,-0.0007069013703179172
2018-01-19,-0.0003529204164460914,-0.0003529204164460914,-0.0003529204164460914,-0.0003529204164460914,-0.0003529204164460914
2018-01-22,-0.0002627660506262591,0.00017517736708417273,0.00017517736708417273,0.00017517736708417273,2.9196227847362122e-05
2018-01-23,-0.00034885749171463456,-0.0006103409189990409,-0.0008719155985700584,0.0002615746795710175,-0.0005231797765709055
2018-01-24,0.001746267353531826,0.001746267353531826,0.001746267353531826,0.001746267353531826,0.0017462673535318257
2018-01-25,-0.00034888791975577847,-0.0006105538595726123,-0.0004361098996947231,-0.00017444395987788923,-0.0005233318796336677
2018-01-26,0.0002600780234070221,0.0002600780234070221,0.0002600780234070221,0.0002600780234070221,0.0002600780234070221
2018-01-30,-0.00034704147145583897,-0.00034704147145583897,-0.00034704147145583897,-0.00034704147145583897,-0.00034704147145583897
2018-01-31,8.73667656823344e-05,8.73667656823344e-05,8.73667656823344e-05,8.73667656823344e-05,8.73667656823344e-05
2018-02-01,-0.00017465723517596715,-0.0005239717055279015,-0.0010484011881880134,0.0,-0.0004075335487439234
2018-02-02,-0.00035285815102328866,0.0009743998582691115,0.0009743998582691115,0.0009743998582691115,0.0005319805218383114
2018-02-05,0.0051536904104546285,0.0051536904104546285,0.0051536904104546285,0.0051536904104546285,0.0051536904104546285
2018-02-06,-0.0015048908954100827,-0.004525758305247953,-0.007900677200902935,-0.004525758305247953,-0.003518802501968663
2018-02-07,-0.0008310249307479224,-0.0007414959681156733,-0.0007414959681156733,-0.0007414959681156733,-0.0007713389556597564
2018-02-08,0.002857142857142857,0.002857142857142857,0.002857142857142857,0.002857142857142857,0.002857142857142857
2018-02-09,-0.0021034515728081075,-0.0021034515728081075,-0.0021034515728081075,-0.0021034515728081075,-0.0021034515728081075
2018-02-12,-0.00037572797294758596,-0.0014908684308609765,-0.0035408125232948193,0.002049944092433843,-0.0011191549448898463
2018-02-13,-9.304922303898767e-05,-0.001309390198279087,-0.002151141040029929,0.000841750841750842,-0.0009039432065323872
2018-02-15,-0.0006413780465457211,-0.00136066763425254,-0.0023584905660377358,0.0009978229317851959,-0.0011209044383502671
2018-02-16,0.0026170923201877085,0.0026170923201877085,0.0026170923201877085,0.0026170923201877085,0.002617092320187709
2018-02-19,-0.0001807501129688206,-0.0001807501129688206,-0.0009037505648441031,0.0007230004518752824,-0.0001807501129688206
2018-02-20,0.001177856301531213,0.001177856301531213,0.001177856301531213,0.001177856301531213,0.001177856301531213
2018-02-21,-0.0019115237575095577,-0.00045396767750136187,-0.00045396767750136187,-0.00045396767750136187,-0.0009398197041707605
2018-02-22,-0.0009126585744273067,-0.0017323121808898614,-0.0017323121808898614,-0.0017323121808898614,-0.00145909431206901
2018-02-23,-0.0006349206349206348,-0.0006349206349206348,-0.001543630255153001,-0.0006349206349206348,-0.0006349206349206348
2018-02-27,0.0,0.0,0.0,0.0,0.0
2018-02-28,-0.0009946649787503392,-0.0022661348803480782,0.0006296662768732573,-0.004985496736765772,-0.0018423115798154987
2018-03-01,-0.0010138248847926267,-0.0010138248847926267,0.00018196706396142307,0.0016589861751152074,-0.0010138248847926267
2018-03-02,-0.00027711065952336963,-0.00027711065952336963,-0.00027711065952336963,-0.00027711065952336963,-0.00027711065952336963
2018-03-05,-0.00036992509016924073,-0.0010950903449534588,-0.0019164081036685526,0.0008213177587150938,-0.0008533685933587194
2018-03-06,-0.0007259528130671506,-0.0007259528130671506,-0.0017260174418604651,-0.0007259528130671506,-0.0007259528130671506
2018-03-07,0.00227541640120142,0.00227541640120142,0.00227541640120142,0.00227541640120142,0.00227541640120142
2018-03-08,-0.0006352663581087213,-0.0006352663581087213,-0.0006352663581087213,-0.0006352663581087213,-0.0006352663581087213
2018-03-09,-0.0006328541723171503,-9.034239768723458e-05,-0.0009040773890245005,-9.034239768723458e-05,-0.0002711796558972065
2018-03-12,-8.884940026654821e-05,-0.0007097232079489,-8.884940026654821e-05,-0.0013307310149041874,-0.0005027652720547827
2018-03-13,-0.0015213889386074815,-0.0015213889386074815,-0.0015213889386074815,-0.0015213889386074815,-0.0015213889386074813
2018-03-14,-0.0009007386056566384,-0.0008999280057595393,-0.0009007386056566384,-0.001169906407487401,-0.000900198205725239
2018-03-15,-0.00035971223021582735,0.0,-0.002160021600216002,0.0,-0.00011990407673860912
2018-03-16,-9.003331232556046e-05,-9.003331232556046e-05,-9.003331232556046e-05,-9.003331232556046e-05,-9.003331232556044e-05
2018-03-19,-0.0010083417361811348,-0.0001833348611238427,0.002468232928055581,-0.0009166743056192134,-0.00045833715280960667
2018-03-20,-0.0005457522284882663,-0.0005457522284882663,-0.0005457522284882663,-0.0005457522284882663,-0.0005457522284882663
2018-03-21,-0.0004540501271340356,-0.0009081002542680712,-0.0016385980883022303,-0.0003632401017072285,-0.0007567502118900594
2018-03-22,0.0009255831173639391,0.0009255831173639391,0.0009255831173639391,0.0009255831173639391,0.0009255831173639391
2018-03-23,0.00018705574261129818,0.00018705574261129818,0.00018705574261129818,0.00018705574261129818,0.00018705574261129818
2018-03-26,-0.0014218009478672985,-0.0025592417061611372,-0.0035071090047393365,0.0009478672985781993,-0.0021800947867298575
2018-03-27,-0.0001854943424225561,-9.277298450691158e-05,-9.277298450691158e-05,-9.277298450691158e-05,-0.0001236801038121264
2018-03-28,-0.0012356239901150081,-0.002946487976428096,-0.00428898208158597,-0.00332667997338656,-0.0023761999809904003
2018-03-29,0.0010340289528106787,0.0010340289528106787,0.0010340289528106787,0.0010340289528106787,0.0010340289528106787
2018-04-02,-0.0017452006980802793,-0.0023112480739599386,-0.0042660461508629045,0.0016371340523882896,-0.0021225656153333852
2018-04-03,-0.002292920607623961,-0.0024839973249259576,-0.008980605713193847,0.006496608388267889,-0.002420305085825292
2018-04-04,-0.0014986886474334957,-0.0013113525665043087,-0.0011385199240986717,-0.0020606968902210565,-0.0013737979268140376
2018-04-05,-0.0009334453467749463,-0.0009334453467749463,-0.001026789881452441,9.334453467749464e-05,-0.0009334453467749463
2018-04-06,-0.0023884589662749593,-0.003332381224412073,0.0016947556727238491,-0.001999428734647244,-0.0030177404716997015
2018-04-09,-0.0005647590361445783,-0.00047267914539610514,-0.0018825301204819277,-0.0007562866326337682,-0.0005033724423122629
2018-04-10,-0.0012131392310563644,-0.00047366426676771507,0.0011200298674631324,9.473285335354303e-05,-0.0007201559215305981
2018-04-11,-0.0004687792987061691,-0.0014968659369445224,-0.0030872859949480774,0.001590420058003555,-0.0011541703908650714
2018-04-12,-0.0005578800557880056,-0.0008368200836820083,-0.0018606381989022234,0.0009298000929800094,-0.0007438400743840075
2018-04-13,0.0002792516056967328,-0.0008372871895060006,-0.0012094148292864453,0.00037212763978044475,-0.0004651075911050894
2018-04-16,-0.0005536587616499031,-0.0002769060365515968,-0.0006461140852870592,0.00036920804873546244,-0.00036915694491769887
2018-04-17,9.164222873900296e-05,9.164222873900296e-05,9.164222873900296e-05,9.164222873900296e-05,9.164222873900296e-05
2018-04-18,-0.0002742230347349177,-0.0008217677136596055,-0.0010043827611395178,0.00018261504747991227,-0.0006392528206847096
2018-04-19,0.0006435006435006436,0.0006435006435006436,0.0006435006435006436,0.0006435006435006436,0.0006435006435006436
2018-04-20,-0.0009271277582050807,-0.001390691637307621,0.0005550929780738273,-0.0005562766549230485,-0.001236170344273441
2018-04-23,-0.0018615040953090098,-0.0018615040953090098,-0.0018615040953090098,-0.0018615040953090098,-0.0018615040953090098
2018-04-24,-0.0001854943424225561,-0.0001854943424225561,-0.0001854943424225561,-0.0001854943424225561,-0.00018549434242255613
2018-04-25,-0.0004689991558015196,-0.0010360742205896205,-0.0017895827446547988,0.0007535085240651784,-0.0008470491989935868
2018-04-26,-0.00028021670091537453,-9.345794392523364e-05,-0.0005604334018307491,-0.0005607476635514019,-0.00015571086292194726
2018-04-27,9.289363678588014e-05,-0.0015784586815227484,-0.0014856081708449396,-9.285051067780886e-05,-0.0010213412420865388
2018-04-30,-0.0003726823814404174,-0.0003726823814404174,-0.0007455731593662628,-0.0003726823814404174,-0.00037268238144041733
2018-05-01,0.0010350992754305072,-0.0015085800490288515,-0.0013200075429002452,-0.0001885725061286064,-0.000660686940875732
2018-05-02,-0.00047023417661995665,-0.00047023417661995665,-0.00047023417661995665,-0.00047023417661995665,-0.00047023417661995665
2018-05-03,-0.0019069412662090007,-0.002288329519450801,-0.004004576659038902,0.0017162471395881008,-0.0021612001017035343
2018-05-04,-0.0007478033277248083,-0.001028710371270925,0.0009417082587814295,0.0002805573739829794,-0.000935074690088886
2018-05-07,0.0016696039328448194,0.0016696039328448194,0.0016696039328448194,0.0016696039328448194,0.0016696039328448194
2018-05-08,-0.0002791996277338297,-0.0009306654257794323,-0.0005583992554676594,-0.0009306654257794323,-0.0007135101597642315
2018-05-09,-0.0007367839381101492,-0.0009225943352707814,-0.0022142264046498754,0.001291632069379094,-0.0008606575362172373
2018-05-10,-0.00045566390230565937,-0.000548747027620267,-0.0016462410828608012,0.0010974940552405342,-0.0005177193191820645
2018-05-11,0.00027312454479242533,0.00027312454479242533,0.00027312454479242533,0.00027312454479242533,0.00027312454479242533
2018-05-14,0.0,0.0,0.0,0.0,0.0
2018-05-15,0.0001816860465116279,0.0001816860465116279,0.0001816860465116279,0.0001816860465116279,0.0001816860465116279
2018-05-16,-0.0006365951255001819,-0.0006365951255001819,-0.0007281332483844543,-0.0006365951255001819,-0.0006365951255001819
2018-05-17,-0.00018206645425580337,-0.00036443148688046647,-0.00018206645425580337,0.0002733236151603498,-0.0003036431426722454
2018-05-18,-0.0006385113563805528,-0.0010948905109489052,-0.0010948905109489052,-0.0010948905109489052,-0.0009427641260927877
2018-05-21,0.00018150467374534893,0.00018150467374534893,0.00018150467374534893,0.00018150467374534893,0.00018150467374534896
2018-05-22,9.063717937097797e-05,9.063717937097797e-05,9.063717937097797e-05,9.063717937097797e-05,9.063717937097796e-05
2018-05-23,-0.0012767897856817145,-0.0012767897856817145,-0.0012767897856817145,-0.0012767897856817145,-0.0012767897856817145
2018-05-24,-0.00027277686852154935,-0.0006364214928629876,-0.0006364214928629876,-0.0006364214928629876,-0.0005152066180825082
2018-05-25,0.0002733485193621868,0.0002733485193621868,0.0002733485193621868,0.0002733485193621868,0.0002733485193621868
2018-05-28,-9.112447603426281e-05,-9.112447603426281e-05,-0.0007289958082741025,0.0006378713322398396,-9.11244760342628e-05
2018-05-29,-0.002494456762749446,-0.002494456762749446,-0.002494456762749446,-0.002494456762749446,-0.002494456762749446
2018-05-30,-0.0009099181073703366,-0.0009099181073703366,-0.0009099181073703366,-0.0009099181073703366,-0.0009099181073703366
2018-05-31,-0.001100009166743056,-0.0011916765973049776,0.0011852662290299052,-0.0002750022916857642,-0.0011611207871176706
2018-06-01,-0.0008161044613710555,-0.0006352087114337568,-0.0005443164292842239,-0.0003629764065335753,-0.0006955072947461897
2018-06-04,-0.0001815211472136504,0.0,0.0,0.0,-6.05070490712168e-05
2018-06-05,-0.00045203869451225027,-0.0003613043085538794,-0.0009026085386767759,-0.0003613043085538794,-0.0003915491038733363
2018-06-06,-0.0005385512970110403,-0.000537345513164965,-0.0010759436922801041,-0.000537345513164965,-0.0005377474411136568
2018-06-07,-0.0002685525020141438,-0.0002685525020141438,-0.0013458950201884253,-0.0002685525020141438,-0.0002685525020141438
2018-06-08,-0.0008071025020177562,-0.0010761366693570083,-0.0015212527964205817,-0.0013451708366962604,-0.0009864586135772575
2018-06-11,-0.0002678093197643278,-0.0001783962180001784,-0.00044634886627387967,-0.0001783962180001784,-0.00020820058525489486
2018-06-12,-0.0006234969270508595,-0.0004452359750667854,-0.0006234969270508595,0.00017809439002671417,-0.0005046562923948101
2018-06-13,-8.880206020779689e-05,-8.880206020779689e-05,-8.880206020779689e-05,-8.880206020779689e-05,-8.880206020779689e-05
2018-06-14,-0.00044487943767239076,0.00017838030681412772,0.00017838030681412772,0.00017838030681412772,-2.9372941348045106e-05
2018-06-15,-0.0005368166771047687,-0.0007154355213736362,-0.0008048649615453407,8.942944017170456e-05,-0.0006558959066173469
2018-06-18,-0.00017885888034340907,-0.0006261180679785331,-0.0008050089445438283,0.0001788908765652952,-0.00047703167210015845
2018-06-19,0.0005383097075183922,-0.0001795170990036801,0.0005383097075183922,-0.0008975854950184004,5.975850317034403e-05
2018-06-20,-0.0004478280340349306,-0.0008060904612628751,-0.0014330497089117778,0.0006269592476489028,-0.0006866696521868936
2018-06-21,-0.0005417607223476298,-0.0008101539292465569,-0.0015349887133182844,-0.0002700513097488523,-0.0007206895269469145
2018-06-22,-0.00026949335249730504,-0.0006315409599422591,-0.0008981498113885396,-0.0006315409599422591,-0.0005108584241272744
2018-06-25,-0.0016457895218067113,-0.0029258480387674866,-0.002377251531498583,-0.0005485965072689037,-0.0024991618664472284
2018-06-26,0.0008178844056706651,0.0008178844056706651,0.0008178844056706651,0.0008178844056706651,0.0008178844056706651
2018-06-27,-9.126585744273063e-05,-9.126585744273063e-05,-9.126585744273063e-05,-9.126585744273063e-05,-9.126585744273063e-05
2018-06-28,-0.0009186954524575103,0.0008237986270022886,0.0008237986270022886,0.0008237986270022886,0.0002429672671823556
2018-06-29,-9.120758847136082e-05,-0.0004560379423568041,-0.0007296607077708865,0.00027362276541408243,-0.0003344278243949896
2018-07-02,0.000638045756995716,-0.00036707350646967055,-0.0008259153895567588,0.00045884188308708824,-3.2033751981208385e-05
2018-07-03,-0.00027280167318359554,9.085127646043427e-05,9.085127646043427e-05,9.085127646043427e-05,-3.0366373420909e-05
2018-07-04,-0.00018269845619804512,-0.00036539691239609025,-0.000639444596693158,0.0,-0.0003044974269967419
2018-07-05,-0.0002722076036657291,-0.0002722076036657291,-0.0002722076036657291,-0.0002722076036657291,-0.0002722076036657291
2018-07-06,-0.0007233273056057866,-0.0007233273056057866,-0.0007233273056057866,-0.0007233273056057866,-0.0007233273056057866
2018-07-09,-0.0002689376961004034,0.0,0.0,0.0,-8.964589870013447e-05
2018-07-10,-0.00026650084391933906,-0.0007995025317580172,-0.0007993605115907274,-0.0003553344585591187,-0.0006218353024784578
2018-07-11,-0.0003578457684737878,0.0008022820467106436,0.0008022820467106436,0.0008022820467106436,0.0004155727749824998
2018-07-12,-0.0007107952021323857,-0.000976822662285765,-0.0007996446023989338,-0.0003552082408311873,-0.0008881468422346386
2018-07-13,0.000531962053373526,0.000531962053373526,0.000531962053373526,0.000531962053373526,0.000531962053373526
2018-07-16,-0.0002656042496679947,-0.0002652989034311992,-0.00035423308537017357,-0.00017686593562079946,-0.000265400685510131
2018-07-17,-0.0004410726887791108,-8.827683615819209e-05,-8.827683615819209e-05,-8.827683615819209e-05,-0.00020587545369849837
2018-07-18,-0.0002651347768448962,-0.0007070260715863897,-0.0013256738842244808,0.0006186478126380911,-0.0005597289733392252
2018-07-19,0.0008829242450997704,0.0008829242450997704,0.0008829242450997704,0.0008829242450997704,0.0008829242450997704
2018-07-20,0.0002656042496679947,-0.0005311614730878187,0.0002656042496679947,0.0,-0.00026557289883588094
2018-07-23,-0.0005326704545454545,-0.0005326704545454545,-0.0009737098344693282,-0.0005326704545454545,-0.0005326704545454545
2018-07-24,-0.0006175562417291574,-0.0007937907920268125,-0.0011465866995942846,0.00035279590756747217,-0.0007350459419275941
2018-07-25,-0.00026417752729834446,-0.00043902010712090615,-0.001141452278514356,0.0007024321713934498,-0.00038073924718005225
2018-07-26,-8.7389670540942e-05,-8.7389670540942e-05,-8.7389670540942e-05,-8.7389670540942e-05,-8.7389670540942e-05
2018-07-27,-0.0012341325811001409,-0.0012341325811001409,-0.0012341325811001409,-0.0012341325811001409,-0.0012341325811001409
2018-07-30,-0.0007971656333038088,-0.0007971656333038088,-0.0007971656333038088,-0.0007971656333038088,-0.0007971656333038089
2018-07-31,-0.00017688157778367384,-0.00035180299032541777,0.0007034203816055571,-0.0007915567282321899,-0.0002934958528115032
2018-08-01,-0.0012371862849063274,-0.0013250883392226147,-0.0015906680805938495,-0.0013250883392226147,-0.0012957876544505188
2018-08-02,-0.0005291471911103272,-0.001322867977775818,-0.001322867977775818,0.0,-0.0010582943822206542
2018-08-03,-0.00017551557700745942,-0.00017551557700745942,0.0005245213742460005,0.0,-0.00017551557700745942
2018-08-06,-0.00017421602787456446,-0.0004356539165287096,-0.00043572984749455336,-0.0002613923499172258,-0.0003485079536439945
2018-08-07,8.673026886383346e-05,8.673026886383346e-05,-0.0005208333333333333,8.673026886383346e-05,8.673026886383346e-05
2018-08-08,-8.682062858135094e-05,-0.0003474031613687685,-0.00060811397793415,0.0,-0.000260542317106296
2018-08-09,-8.697164724299878e-05,-8.697164724299878e-05,-0.0003472825143254037,-8.697164724299878e-05,-8.697164724299877e-05
2018-08-10,0.0009631380789773225,0.0009631380789773225,0.0009631380789773225,0.0009631380789773225,0.0009631380789773225
2018-08-13,0.0004386349679796473,0.0004386349679796473,0.0004386349679796473,0.0004386349679796473,0.00043863496797964737
2018-08-14,-0.0003498950314905528,-0.0006997900629811056,-8.732861758798348e-05,-8.747375787263815e-05,-0.000583158385817588
2018-08-15,0.00017638239703677563,-0.0013263772216818464,-0.0027385159010600707,-0.0011495269254576002,-0.000825457348775639
2018-08-16,-8.714596949891068e-05,-8.714596949891068e-05,-8.714596949891068e-05,-8.714596949891068e-05,-8.714596949891068e-05
2018-08-17,8.693384334521428e-05,8.693384334521428e-05,8.693384334521428e-05,8.693384334521428e-05,8.693384334521428e-05
2018-08-20,0.0005206977349648528,0.0005206977349648528,0.0005206977349648528,0.0005206977349648528,0.0005206977349648528
2018-08-21,-0.0001732801940738174,-0.0001732801940738174,-0.0001732801940738174,-0.0001732801940738174,-0.0001732801940738174
2018-08-22,-0.00034701136462219137,-0.00026014568158168577,-0.00026014568158168577,-0.00026014568158168577,-0.0002891009092618543
2018-08-23,-0.00026041666666666666,-0.00034719208402048433,-0.00043399010502560544,8.679802100512111e-05,-0.00031826694490254514
2018-08-24,-0.00025940337224383917,-0.0006915031549831446,-0.001124081279723303,0.0,-0.0005474698940700428
2018-08-27,8.568246080027417e-05,-0.00017137960582690659,8.568246080027417e-05,-0.00042844901456726646,-8.569225028451301e-05
2018-08-28,-0.00034264176803152307,-0.0005139626520472845,-0.00025700334104343357,-0.0011135857461024498,-0.00045685569070869737
2018-08-29,-8.519338899301413e-05,-8.519338899301413e-05,-8.519338899301413e-05,-8.519338899301413e-05,-8.519338899301413e-05
2018-08-30,-0.0003412678099138297,-0.0003412678099138297,-0.0003412678099138297,-0.0003412678099138297,-0.0003412678099138297
2018-08-31,-8.564576909900651e-05,-0.00042822884549503255,-0.0005995203836930455,0.00017129153819801297,-0.0003140344866963572
2018-09-03,8.533879501621438e-05,8.533879501621438e-05,8.533879501621438e-05,8.533879501621438e-05,8.533879501621438e-05
2018-09-04,-0.0003429061294470639,-0.0009429918559794256,0.0007687051588657328,-0.00025717959708529783,-0.0007429632804686384
2018-09-05,-0.0004299226139294927,0.0,0.0,0.0,-0.00014330753797649757
2018-09-06,-0.0002587768480979901,-0.0002587768480979901,-0.0002587768480979901,-0.0002587768480979901,-0.0002587768480979901
2018-09-07,-0.00043129474682998363,0.0019822459708696023,0.0019822459708696023,0.0019822459708696023,0.0011777323983030736
2018-09-10,-0.00034491678882469606,0.0,0.0,0.0,-0.00011497226294156535
2018-09-11,0.00017164435290078952,0.00017164435290078952,0.00017164435290078952,0.00017164435290078952,0.00017164435290078952
2018-09-12,0.0,-0.0006019951840385277,0.0,0.00025799793601651185,-0.0004013301226923518
2018-09-13,-0.00034190956492007865,-0.00034190956492007865,-0.00034190956492007865,-0.00034190956492007865,-0.00034190956492007865
2018-09-14,-0.00017126220243192326,-0.00017126220243192326,-0.0007706799109436547,0.0005994177085117315,-0.00017126220243192326
2018-09-17,-0.00025724575544503516,-0.00042962708369135585,-0.0007717372663351054,-0.00042962708369135585,-0.0003721666409425823
2018-09-18,-0.00034438226431338786,-0.00043047783039173483,-0.0007744600292573789,8.609556607834697e-05,-0.0004017793083656192
2018-09-19,-0.00034161755914253995,-0.0003413551800648575,-0.0010248526774276198,-0.0003413551800648575,-0.0003414426397574183
2018-09-20,-0.00033898305084745765,-0.0003390405153415833,-0.0005085607730123749,0.00016952025767079165,-0.0003390213605102081
2018-09-21,0.0002541511352084039,-0.0002538715410002539,-0.0005080870522482852,-0.0004231192350004231,-8.45306489307013e-05
2018-09-24,-8.500510030601836e-05,-8.500510030601836e-05,-8.500510030601836e-05,-8.500510030601836e-05,-8.500510030601836e-05
2018-09-25,-0.00016998130205677376,-0.00017027073046143367,-0.00034054146092286734,0.00017027073046143367,-0.00017017425432654703
2018-09-26,-0.00017002465357476835,-0.0003400782179901377,-0.0005101173269852066,0.00017003910899506891,-0.00028339369651834794
2018-09-27,-0.00017083796019475527,-0.00034167592038951053,-0.0005126014523707817,0.0,-0.00028472993365792545
2018-09-28,0.00017021276595744682,0.00017021276595744682,0.00017021276595744682,0.00017021276595744682,0.0001702127659574468
2018-10-01,0.00033849538800033853,0.00033849538800033853,0.00033849538800033853,0.00033849538800033853,0.00033849538800033853
2018-10-02,-0.00016989466530750936,-8.504847763225038e-05,8.494733265375468e-05,-0.00017009695526450075,-0.00011333054019067004
2018-10-03,-0.0004249171411574743,-0.000594883997620464,-0.0003384094754653131,0.0,-0.0005382283787994675
2018-10-04,-0.0006020987441940478,-0.0022363667641493207,-0.0018923103388955788,-0.00034405642525374186,-0.0016916107574975632
2018-10-05,-0.001206896551724138,-0.001206896551724138,-0.0005980861244019139,-0.001206896551724138,-0.001206896551724138
2018-10-06,-0.0008611039352449839,-0.0008611039352449839,-0.0008611039352449839,-0.0008611039352449839,-0.0008611039352449838
2018-10-08,-0.0007753273604410751,-0.0007753273604410751,-0.0007753273604410751,-0.0007753273604410751,-0.0007753273604410751
2018-10-09,-8.604371020478393e-05,-8.604371020478393e-05,-8.604371020478393e-05,-8.604371020478393e-05,-8.604371020478393e-05
2018-10-10,-0.00034983382893125764,-0.000438058524618889,-0.000438058524618889,-0.000438058524618889,-0.0004086502927230119
2018-10-11,0.0001807991321641656,0.0001807991321641656,0.0001807991321641656,0.0001807991321641656,0.0001807991321641656
2018-10-12,-0.0030805472501585574,-0.0030805472501585574,-0.004711425206124852,0.001630877955966295,-0.003080547250158558
2018-10-15,0.0008102998109300441,-0.0017040358744394618,-0.0023370786516853934,-0.0007174887892376681,-0.0008659239793162932
2018-10-16,-0.0008863676653075696,-0.0011530956182366507,-0.0012440021325750845,-0.0007982969664715274,-0.0010641863005936237
2018-10-17,-0.0010607265977194379,-0.001504557925480131,-0.0027436056288167093,0.0012390477033365783,-0.0013566141495599
2018-10-18,-0.0009844281367460176,-0.0012522361359570662,-0.0017898693395382137,-0.0011627906976744186,-0.0011629668028867166
2018-10-19,0.00017942047187584093,0.00017942047187584093,-0.002421741860256525,0.00017942047187584093,0.00017942047187584093
2018-10-22,-0.00117286178274991,-0.00117286178274991,-0.0009010632546404757,-0.00117286178274991,-0.00117286178274991
2018-10-23,-0.0013564839934888768,-0.0012786555849849301,-0.0013564839934888768,9.133254178463794e-05,-0.001304598387819579
2018-10-24,0.0027470011903671827,-0.0018336847895846704,0.0027470011903671827,-0.004125790776565508,-0.00030678946293405266
2018-10-25,-0.0005483458234326449,-0.0005483458234326449,-0.002053388090349076,-0.0005483458234326449,-0.0005483458234326449
2018-10-26,-0.002340604812283494,-0.002340604812283494,-0.00262886113979908,-0.002340604812283494,-0.002340604812283494
2018-10-27,-0.0007464079119238664,-0.0007464079119238664,-0.0007464079119238664,-0.0007464079119238664,-0.0007464079119238664
2018-10-29,-0.0014121634343814723,-0.003398149896167642,-0.009024413413128147,-9.439305267132337e-05,-0.0027361544089055854
2018-10-30,-0.0007487832272557095,-0.002060310919647874,-0.004424362232890897,-0.0005619029780857838,-0.0016231350221838192
2018-10-31,9.090909090909115e-05,9.090909090909115e-05,9.090909090909115e-05,9.090909090909115e-05,9.090909090909115e-05
2018-11-01,-0.0004576659038901602,-0.0009153318077803204,-0.0010076028212878997,-0.00036613272311212814,-0.0007627765064836005
2018-11-02,9.103322712790169e-05,-0.0007319304666056725,9.103322712790169e-05,-0.0015553522415370541,-0.00045760923536114777
2018-11-05,-0.0005449591280653951,-0.000817512943954946,-0.0023657870791628753,0.0010900172586065947,-0.0007266616719917622
2018-11-06,-0.0005439216752787598,-0.0007252289003716798,-0.0003637686431429611,0.0001813072250929199,-0.0006647931586740398
2018-11-07,0.0006257262894431037,-0.0008869966294128083,-0.0032555615843733042,-0.0007095973035302466,-0.0003827556564608376
2018-11-08,-0.0003532008830022075,-0.0008865248226950354,-0.0008865248226950354,0.0,-0.0007087501761307595
2018-11-09,-0.00035584022773774577,0.0012503349111369117,0.0012503349111369117,0.0012503349111369117,0.0007149431981786925
2018-11-12,0.00027235587834770756,-0.0009095043201455207,-0.0019099590723055935,0.001000454752160073,-0.000515550920647778
2018-11-13,-0.0021909804637575314,-0.0021909804637575314,-0.0021909804637575314,-0.0021909804637575314,-0.0021909804637575314
2018-11-14,-0.0013663691018400437,-0.0014574603752960467,-0.0017307341956640553,0.00027327382036800864,-0.001427096617477379
2018-11-15,-0.0011984880612150824,-0.002858460119870908,-0.008483171968649146,0.005624711848778238,-0.002305136100318966
2018-11-16,-0.0018249840313897254,-0.0026462268455151017,-0.0038324664659184233,0.0011862396204033216,-0.0023724792408066427
2018-11-19,0.002304784733105928,0.002304784733105928,0.002304784733105928,0.002304784733105928,0.002304784733105928
2018-11-20,-0.0008368200836820083,-0.0015806601580660158,-0.0011157601115760112,-0.00046490004649000463,-0.0013327134666046802
2018-11-21,0.0017742086095807264,0.0017742086095807264,0.0017742086095807264,0.0017742086095807264,0.0017742086095807264
2018-11-22,-0.00037484771811451597,-0.00046948356807511736,-0.000563433186214668,0.0,-0.0004379382847549169
2018-11-23,-9.417082587814295e-05,-0.00018828845791752966,-0.0003765769158350593,0.00018828845791752966,-0.00015691591390440074
2018-11-26,-0.0008477769404672192,-0.0012190547636909228,-0.0024358253700580853,0.0007501875468867215,-0.0010952954892830217
2018-11-27,-0.0006548788474132286,-0.0011173184357541898,-0.0010242085661080075,-9.31098696461824e-05,-0.0009631719063072029
2018-11-28,-0.00027708506511499027,-0.001270878721859114,-0.0017247639796659404,0.00045388525780682646,-0.0009396141696110727
2018-11-29,0.001000181851245681,-0.0009990917347865577,0.001000181851245681,9.082652134423256e-05,-0.00033266720610914476
2018-11-30,-0.0006311992786293959,-0.0006311992786293959,-0.0006311992786293959,-0.0006311992786293959,-0.0006311992786293959
2018-12-03,-0.00026804860614724807,-0.00026804860614724807,-0.0015189421015010722,-0.00026804860614724807,-0.00026804860614724807
2018-12-04,0.00036656891495601184,-0.0022056796250344637,0.00036656891495601184,-0.002849002849002849,-0.0013482634450376386
2018-12-05,-0.0002753809436387002,-9.165902841429881e-05,-0.0011015237745548008,-9.165902841429881e-05,-0.0001528996668224326
2018-12-06,-0.00018641066268990585,-0.0010222098318000187,-0.0010222098318000187,-0.0010222098318000187,-0.0007436101087633145
2018-12-07,-0.002063596285526686,-0.0038457930775724603,0.0022476119123431356,-0.001219397805083951,-0.0032517274802238687
2018-12-10,-0.000854052002277472,-0.0027582271257371124,-0.003138672246528438,0.0003804451207913258,-0.0021235020845838987
2018-12-11,0.0011342155009451795,-0.0012289657780298732,-0.005399261153736857,0.004159576479485725,-0.000441238685038189
2018-12-12,0.0001854255516410162,0.0001854255516410162,0.0001854255516410162,0.0001854255516410162,0.0001854255516410162
2018-12-13,-0.0014132278123233466,-0.0007502579011535215,-0.0021669493122291315,-0.002438338178748945,-0.0009712478715434631
2018-12-14,-0.0005677517032551098,-0.0006623769871309614,-0.0010339317605038067,-0.0005677517032551098,-0.0006308352258390108
2018-12-17,-0.0020416099552790197,-0.0020416099552790197,-0.001166067437566806,-0.0020416099552790197,-0.0020416099552790197
2018-12-18,0.0037959898773603272,0.0037959898773603272,0.0037959898773603272,0.0037959898773603272,0.0037959898773603277
2018-12-19,0.0020792079207920793,-0.0035795963010838224,0.0020792079207920793,-0.001889231381127573,-0.0016933282271251885
2018-12-20,-0.0024171618491288147,-0.0031127623255346923,0.0004026980771166819,-0.005321819459785119,-0.0028808955000660663
2018-12-21,-0.004783715012722647,-0.0036078754767549736,-0.005298013245033113,-0.0014431501907019892,-0.003999821988744198
2018-12-22,0.0006179833144505098,0.0006179833144505098,0.0006179833144505098,0.0006179833144505098,0.0006179833144505098
2018-12-24,-0.0013465920861818936,-0.0017609281126993992,-0.004039776258545681,0.0022788481458462812,-0.0016228161038602305
2018-12-26,-0.005454545454545454,-0.005454545454545454,-0.005454545454545454,-0.005454545454545454,-0.005454545454545454
2018-12-27,-0.0008213552361396304,-0.0013347022587268994,-0.0013347022587268994,-0.0013347022587268994,-0.0011635865845311432
2018-12-28,-0.0009025270758122744,0.002094763092269327,0.002094763092269327,0.002094763092269327,0.00109566636957546
2018-12-31,0.0017922931395001492,0.0017922931395001492,0.0017922931395001492,0.0017922931395001492,0.001792293139500149
2019-01-01,0.00039670732916790636,0.00039670732916790636,0.00039670732916790636,0.00039670732916790636,0.00039670732916790636
2019-01-02,0.000701121794871795,0.000701121794871795,0.000701121794871795,0.000701121794871795,0.000701121794871795
2019-01-03,-0.0015186797610610508,-0.0015186797610610508,-0.0015186797610610508,-0.0015186797610610508,-0.0015186797610610505
2019-01-04,-0.001279401633697471,-0.0013794462508621539,-0.002069169376293231,0.0006897231254310771,-0.001346098045140593
2019-01-07,0.0,0.0,0.0,0.0,0.0
2019-01-08,-0.0007749685169040007,-0.0005807763043267835,-0.001065581710743001,-0.0005807763043267835,-0.0006455070418525226
2019-01-09,0.0012506012506012507,-0.0008695652173913044,0.0012506012506012507,-0.0001932367149758454,-0.000162843061393786
2019-01-10,-0.0013457656445256176,-0.0008718395815170009,-0.0008718395815170009,-0.0008718395815170009,-0.0010298149358532066
2019-01-11,-0.0008640552995391706,-0.0006719139950086389,-0.0014396775122372588,0.0005759262814359762,-0.0007359610965188161
2019-01-14,-0.00048341873731025815,-0.0005777563793933558,-0.0012518054886856043,0.0006740491092922485,-0.0005463104986989899
2019-01-15,-0.0006692800458934886,-0.0006692800458934886,-0.0006692800458934886,-0.0006692800458934886,-0.0006692800458934886
2019-01-16,-0.00018996960486322188,-0.00018996960486322188,-0.0004749240121580547,-0.00018996960486322188,-0.00018996960486322188
2019-01-17,-0.0003790750568612585,-0.0003790750568612585,-0.0003790750568612585,-0.0003790750568612585,-0.0003790750568612585
2019-01-18,0.0006530459930963709,0.0006530459930963709,0.0006530459930963709,0.0006530459930963709,0.0006530459930963709
2019-01-21,-0.0001868460388639761,-0.0003736920777279522,-0.0007492039707810451,-0.0003736920777279522,-0.0003114100647732935
2019-01-22,-0.0012318771913200038,-0.0006633184876338482,-0.005028462998102467,-0.0012318771913200038,-0.0008528380555292334
2019-01-23,-0.000473260766682442,-0.0018934014957871818,-0.0017034162960158986,-0.0002840102243680774,-0.0014200212527522684
2019-01-24,-0.00028253908457336594,-0.0031164415903295875,-0.00028253908457336594,-0.0009443762394938143,-0.0021718074217441804
2019-01-25,-0.000187811062071556,0.0,0.0,0.0,-6.260368735718534e-05
2019-01-28,-0.0009444654325651682,-0.0009444654325651682,-0.00198319010293701,-0.0009444654325651682,-0.0009444654325651683
2019-01-29,0.0006608761329305135,-0.0001889823301521308,-0.0011335726431135461,0.00028347349522819614,9.430382420875067e-05
2019-01-30,-0.0006485685166311498,-0.001577433423030528,-0.00046742077217911565,-0.0016702236243852648,-0.0012678117875640686
2019-01-31,-0.0009225092250922509,-0.0018429782528566164,0.0,-0.0008293402137854774,-0.001536155243601828
2019-02-01,0.0011943040881947633,-0.00046027800791678176,0.0011943040881947633,0.0,9.124935745373327e-05
2019-02-04,9.199632014719413e-05,9.199632014719413e-05,9.199632014719413e-05,9.199632014719413e-05,9.199632014719413e-05
2019-02-05,-0.0006372906045156591,-0.0006372906045156591,-9.160864785635764e-05,-0.0006372906045156591,-0.0006372906045156591
2019-02-06,-9.136592051164915e-05,-9.136592051164915e-05,-0.00045682960255824577,0.0003654636820465966,-9.136592051164915e-05
2019-02-07,-0.0002767017155506364,-0.0002767017155506364,-0.0002767017155506364,-0.0002767017155506364,-0.0002767017155506364
2019-02-08,-0.0015681210220459367,-0.0015681210220459367,-0.0015681210220459367,-0.0015681210220459367,-0.0015681210220459367
2019-02-11,-0.0004596855750666544,-0.0004596855750666544,-0.0004596855750666544,-0.0004596855750666544,-0.00045968557506665433
2019-02-12,-0.0008249312557286893,-0.00045829514207149406,-9.139932364500504e-05,-0.0006416131989000917,-0.0005805071799572258
2019-02-13,-0.00018083182640144665,-0.00027124773960217,9.03832248734635e-05,0.0,-0.00024110910186859557
2019-02-14,0.000905879155720627,0.000905879155720627,0.000905879155720627,0.000905879155720627,0.000905879155720627
2019-02-15,-9.106638739641199e-05,-0.00045533193698205993,-0.0005461496450027307,0.0,-0.0003339100871201773
2019-02-18,-0.00026920315865039483,-0.00017946877243359656,-0.0003587122231190028,0.0,-0.00020938023450586265
2019-02-19,0.0,0.0,0.0,0.0,0.0
2019-02-20,0.0006256144427562785,-0.00035835871707579287,-0.0011646658304963267,0.0008063071134205338,-3.0367663798435746e-05
2019-02-21,0.0014384608468938236,-0.0006301764494058336,0.0014384608468938236,0.0007202016564638099,5.936931602738548e-05
2019-02-22,-0.001160507052312087,-0.0005356186395286556,-0.0007150518412584912,-0.0002678093197643278,-0.0007439147771231327
2019-02-25,-0.0005334755934915977,-0.0007987929351202628,-0.0007113007913221303,-0.0007987929351202628,-0.0007103538212440411
2019-02-26,-0.0002674750356633381,-0.00017823723375813208,-0.00017823723375813208,-0.00017823723375813208,-0.0002079831677265341
2019-02-27,-0.0006260620695823271,-0.0002681444404719342,-0.0002681444404719342,-0.0002681444404719342,-0.00038745031684206513
2019-02-28,-0.0003571109722346219,-0.00017811025024490158,-0.0009820551736452103,8.905512512245083e-05,-0.00023777715757480837
2019-03-01,-0.0004451170657883023,-0.0011561721807186055,-0.0016024214368378883,-8.89363215937388e-05,-0.0009191538090751711
2019-03-04,-0.0007142219444692438,-0.0005356664583519329,-0.0012498884028211766,0.0007142219444692437,-0.0005951849537243699
2019-03-05,0.0,0.0,0.0,0.0,0.0
2019-03-06,-0.0003575259206292456,0.000446907400786557,0.000446907400786557,0.000446907400786557,0.0001787629603146228
2019-03-07,-0.000997551464586923,-0.0021772657171368953,-0.0013607910732105597,-0.0021772657171368953,-0.0017840276329535712
2019-03-08,-0.0005470459518599562,-0.0003636033087901099,-0.001736428440870042,-0.0003636033087901099,-0.0004247508564800587
2019-03-09,-0.0007260845888546015,-0.0007260845888546015,-0.0007260845888546015,-0.0007260845888546015,-0.0007260845888546015
2019-03-11,-0.0003582303421099767,-0.0006267908309455588,-0.0007163323782234957,8.954154727793689e-05,-0.0005372706680003648
2019-03-12,-0.0006240527770348578,-0.0006240527770348578,-0.0006240527770348578,-0.0006240527770348578,-0.0006240527770348578
2019-03-13,-0.0009724186704384724,-0.0009724186704384724,-0.0009724186704384724,-0.0009724186704384724,-0.0009724186704384725
2019-03-14,-0.00044283057302276147,-0.0008856611460455229,0.00044310528181495923,-0.0001771322292091046,-0.0007380509550379359
2019-03-15,-0.000177210703526493,-8.812125484666897e-05,-8.812125484666897e-05,-8.812125484666897e-05,-0.00011781773773994365
2019-03-18,-0.00035226772346983706,-8.800492827598346e-05,-0.0007047837194960796,-8.800492827598346e-05,-0.00017609252667393467
2019-03-19,-0.0003506311360448808,-0.0003506311360448808,-0.0003506311360448808,-0.0003506311360448808,-0.0003506311360448808
2019-03-20,0.0,-0.0002641542660913974,0.0,-8.805142203046582e-05,-0.0001761028440609316
2019-03-21,-0.0005302695536897924,-0.00035208168295044453,-0.00035208168295044453,-0.00035208168295044453,-0.0004114776398635605
2019-03-22,-0.0007086544423775356,-0.0012387188108299416,-0.002483590562355863,0.0,-0.001062030688012473
2019-03-25,0.0005324813631522897,-0.0011539144328066749,-0.0015995734470807784,-0.0014202023788389845,-0.0005917825008203533
2019-03-26,-0.0004419694157164324,-0.00070859167404783,-0.0022143489813994687,0.0015057573073516389,-0.0006197175879373641
2019-03-27,-0.0003524539607013834,-0.0002652754443363693,-0.0006180469715698393,0.0002652754443363693,-0.000294334949791374
2019-03-28,-0.0006225542511561721,0.0009776908719224958,0.0009776908719224958,0.0009776908719224958,0.0004442758308962731
2019-03-29,-0.00026487727352993113,-0.0003531696980399082,-0.000794912559618442,-0.0003531696980399082,-0.00032373888986991583
2019-03-30,-0.0001756697408871322,-0.0001756697408871322,-0.00026350461133069827,-8.78348704435661e-05,-0.0001756697408871322
2019-04-01,-0.000349619788480028,-0.000437024735600035,-0.001217391304347826,0.00017480989424001396,-0.0004078897532266993
2019-04-02,-0.00034797738147020446,0.0012153832797985936,0.0012153832797985936,0.0012153832797985936,0.0006942630593756608
2019-04-03,-0.0003475238922675934,-0.0006070065903572668,-0.0024326672458731538,-0.0006070065903572668,-0.000520512357660709
2019-04-04,-0.00026048450117218026,-0.0007814535035165407,-0.0007814535035165407,0.0,-0.000607797169401754
2019-04-05,0.0,0.0,0.0,0.0,0.0
2019-04-08,-0.00034518467380048324,-0.00025888850535036245,-0.0002589331952356292,0.0,-0.00028765389483373605
2019-04-09,-0.00034605069642702654,-0.0005190760446405398,0.00025935851992737964,-0.00017302534821351324,-0.00046140092856936874
2019-04-10,-0.0007793557325943886,-0.0007793557325943886,-0.0009490121646104736,-0.0007793557325943886,-0.0007793557325943886
2019-04-11,8.608074373762589e-05,-0.0002585315408479835,8.608074373762589e-05,-0.00017235436056532233,-0.00014366077931944702
2019-04-12,-8.6244070720138e-05,-8.6244070720138e-05,-8.6244070720138e-05,-8.6244070720138e-05,-8.6244070720138e-05
2019-04-15,-0.00034314146006691256,-0.0004297378599054577,-0.00034314146006691256,0.0,-0.0004008723932926093
2019-04-16,-0.0003425537381176672,-0.0003425537381176672,-0.0003425537381176672,-0.0003425537381176672,-0.0003425537381176672
2019-04-17,-8.585164835164836e-05,0.0,-0.0004286326618088298,0.0,-2.861721611721612e-05
2019-04-18,-0.00017242865764290026,8.576329331046303e-05,-0.0008621432882145012,8.576329331046303e-05,-3.0069034065806317e-07
2019-04-22,-0.00025728987993138937,-0.00025728987993138937,0.0,-0.00017152658662092626,-0.00025728987993138937
2019-04-23,-0.0005097272958966952,-0.0008529512111907199,-0.0017006802721088435,0.000511770726714432,-0.000738543239426045
2019-04-24,0.00017016931847187958,-0.000595846101464079,-0.0009363295880149813,0.00034048348655090226,-0.0003405076281520929
2019-04-25,-0.0003405124712692602,-0.00034042553191489364,0.00025516713447307985,0.0,-0.0003404545116996825
2019-04-26,-0.0003402228459641065,-0.0002559071909920669,0.0007658270932607216,-0.00017060479399471127,-0.0002840124093160801
2019-04-29,-0.0005083022704168078,0.0003384667456422406,0.0003384667456422406,0.0003384667456422406,5.621040695589112e-05
2019-04-30,-0.00016969285593076533,-0.0002546040906390563,-8.486803021301876e-05,-0.00016973606042603752,-0.00022630034573629262
2019-05-01,-0.0011837321383275556,-0.001268284433922381,-0.0005923669290005924,-8.455229559482542e-05,-0.0012401003353907725
2019-05-02,-0.0002557108762359359,0.0005959982971477225,0.0005959982971477225,0.0005959982971477225,0.0003120952393531697
2019-05-03,-0.0005080870522482853,-0.0005128205128205128,-0.0002564102564102564,-0.0002564102564102564,-0.0005112426926297703
2019-05-06,-0.0012105490704712495,-0.0007772691942309353,-0.002302771855010661,-0.0007772691942309353,-0.0009216958196443734
2019-05-07,-0.0009545296771954183,-0.0021693856299895868,-0.004599097535577924,0.002429711905588337,-0.0017644336457248641
2019-05-08,0.0010329689248515107,0.0010329689248515107,0.0010329689248515107,0.0010329689248515107,0.0010329689248515107
2019-05-09,0.0005202913631633714,0.0005202913631633714,0.0005202913631633714,0.0005202913631633714,0.0005202913631633714
2019-05-10,0.00017368649587494586,0.00017368649587494586,0.00017368649587494586,0.00017368649587494586,0.00017368649587494586
2019-05-13,-0.0012414649286157666,-0.002486016159105034,0.0019446654291523026,-0.0014205806623457337,-0.0020711657489419447
2019-05-14,-0.0005255781359495446,-0.0015792244253377786,-0.0012282856641516056,-0.000350938761186173,-0.0012280089955417006
2019-05-15,-0.00035106196243637,-0.001492668364211081,-0.0009672880759760816,-0.001580472385635262,-0.0011121328969528439
2019-05-16,-0.0002624212736179146,0.0,0.0,0.0,-8.74737578726382e-05
2019-05-17,-0.0010420284821118443,-0.000693721817551162,-0.000693721817551162,-0.000693721817551162,-0.0008098240390713895
2019-05-20,-0.0007010164738871364,-0.0008762705923589204,-0.0014772332290580465,-0.0007010164738871364,-0.0008178525528683258
2019-05-21,0.00034965034965034965,0.00034965034965034965,0.00034965034965034965,0.00034965034965034965,0.00034965034965034965
2019-05-22,-0.0007863695937090433,0.0,-0.0014854945823138763,0.0,-0.0002621231979030144
2019-05-23,-0.001416054518098947,-0.0019539923616662225,-0.0049737987387867486,0.003019806377120526,-0.001774679747143797
2019-05-24,-0.00026504108136761196,-0.00026504108136761196,-0.0006168487839266831,-0.0003533881084901493,-0.00026504108136761196
2019-05-27,-0.0001763668430335097,-8.815232722143867e-05,-0.00044068394147717257,-8.815232722143867e-05,-0.00011755716582546236
2019-05-28,-0.0006167944312274209,-0.0001762269803506917,-8.78966335589347e-05,8.811349017534583e-05,-0.00032308279730960146
2019-05-29,-0.00035695163305372125,-0.00035695163305372125,-0.00035695163305372125,-0.00035695163305372125,-0.00035695163305372125
2019-05-30,-0.00026910656620021526,-0.0005372973941076386,-0.0023341413053236375,0.0005372973941076386,-0.00044790045147183083
2019-05-31,-0.002354006337709371,-0.0010876461524517358,-0.002354006337709371,-0.0006344602555968459,-0.0015097662142042809
2019-06-03,-0.0012707633657075429,-0.0012707633657075429,-0.0012707633657075429,-0.0012707633657075429,-0.0012707633657075429
2019-06-04,-0.0008037149490980533,-0.0010699001426533524,-0.002050641940085592,0.0009807417974322396,-0.000981171744801586
2019-06-05,-0.0005314908317831517,-0.0005319620533735261,-0.0014173088847550712,0.0007092827378313679,-0.000531804979510068
2019-06-06,0.00123163543591097,0.00123163543591097,0.00123163543591097,0.00123163543591097,0.00123163543591097
2019-06-07,0.0006933009792876332,-0.0012296881862099253,-0.0024529128339903635,0.00017566974088713229,-0.0005886917977107392
2019-06-10,-0.0005166623611469904,-0.0002596503375454388,-0.0012903225806451613,8.655011251514625e-05,-0.0003453210120792894
2019-06-11,-0.0005193456245131136,-0.001124081279723303,-0.0025082165715274176,0.0005188067444876784,-0.0009225027279865732
2019-06-12,-0.00017322016282695306,-0.0006066383568766791,0.0,0.0001733252448219083,-0.0004621656255267704
2019-06-13,-0.0006058507876060239,-0.001212646167171936,-0.0020788220008661758,0.0008661758336942398,-0.0010103810406499652
2019-06-14,-0.0005171076445746789,-0.0005171076445746789,-0.0005171076445746789,-0.0005171076445746789,-0.0005171076445746789
2019-06-17,0.0,-0.0006887052341597796,-0.0007747933884297521,8.608815426997245e-05,-0.0004591368227731864
2019-06-18,-0.0005122950819672131,-0.0005979839398599009,-0.0005122950819672131,-8.5426277122843e-05,-0.000569420987229005
2019-06-19,-0.00042589437819420784,-0.0005122950819672131,-0.001966484268125855,-0.0006830601092896175,-0.0004834948473762114
2019-06-20,-0.00025471217524197657,-0.000422761477974127,-0.0006796363945289271,0.00025365688678447625,-0.0003667450437300768
2019-06-21,-0.00016894745734076703,0.00042201215395003375,0.00042201215395003375,0.00042201215395003375,0.00022502561685310016
2019-06-24,-0.00016921905406548778,-0.00016923337282112033,-0.0004230834320528008,0.00025385005923168045,-0.00016922859990257616
2019-06-25,-0.0005125138805842658,-0.0005125138805842658,-0.0005125138805842658,-0.0005125138805842658,-0.0005125138805842658
2019-06-26,0.0006836438215689625,0.0006836438215689625,0.0006836438215689625,0.0006836438215689625,0.0006836438215689625
2019-06-27,-0.0005129520389843549,-0.0007694280584765325,-0.00136787210395828,0.0005984440454817474,-0.0006839360519791401
2019-06-28,-0.00017029972752043596,-0.00025560194257476357,-0.00025560194257476357,-0.00025560194257476357,-0.00022716787088998772
2019-07-01,0.00042080457835381253,-0.0005052631578947368,0.00042080457835381253,-0.00016842105263157892,-0.0001965739124785537
2019-07-02,-0.0005887795441164101,0.00134748189321206,-0.0023551181764656405,0.00134748189321206,0.00070206141410257
2019-07-03,-0.0005865594100888219,-0.0006712535660345696,-0.000839278220730172,0.0001678133915086423,-0.0006430221807193203
2019-07-04,-0.00016640319494134288,-0.0002499791684026331,-0.0004166319473377219,0.00016665277893508878,-0.00022212051058220303
2019-07-05,-0.00041732743510558383,-0.0002501667778519013,-0.0002501667778519013,-0.0002501667778519013,-0.00030588699693646215
2019-07-08,-0.0005869036639557307,-0.0004193927193423922,-0.000754906894816306,0.00033551417547391375,-0.00047522970088017174
2019-07-09,-0.0002517200872629636,-0.0005034401745259272,-0.0008390669575432119,0.0003356267830172847,-0.000419533478771606
2019-07-10,-0.0005840634125990822,-0.0006675010429703797,8.387150884844419e-05,-0.00016687526074259497,-0.0006396884995132805
2019-07-11,-0.0002493351063829787,-0.0003325573661456601,-0.0005825081135058667,-0.0003325573661456601,-0.000304816612891433
2019-07-12,-0.00024846778201093256,-0.0003321431536992444,-0.0005809610756079343,-8.303578842481108e-05,-0.00030425136313647376
2019-07-15,-0.0002480363786688714,-0.00041339396444811904,-8.289811821271658e-05,-8.267879288962379e-05,-0.00035827476918836985
2019-07-16,-0.0006651147322913202,-0.0011624045167718366,-0.0012454334108269677,8.302889405513111e-05,-0.0009966412552783312
2019-07-17,-0.0005845999665942877,-0.0007516285284783699,8.327088017320345e-05,-0.0005845999665942877,-0.0006959523411836757
2019-07-18,-0.0008346548702111677,-0.0014189132793589851,-0.0019197062014856857,0.0005007929221267006,-0.0012241604763097126
2019-07-19,-0.0005832361273121147,-0.0007523825447249624,-0.0005832361273121147,0.0002507941815749874,-0.0006960004055873466
2019-07-22,-0.0002508780732563974,-0.0005036091992613732,-0.0002508780732563974,-0.0006714789323484975,-0.0004193654905930479
2019-07-23,-0.000667334000667334,-0.000915598468453471,-0.000915598468453471,0.0,-0.000832843645858092
2019-07-24,0.000416042602762523,0.000416042602762523,0.000416042602762523,0.000416042602762523,0.000416042602762523
2019-07-25,-0.0013308933621693562,-0.0010808114399733955,-0.002079520878389619,-0.0009976720984369804,-0.0011641720807053825
2019-07-26,0.00016494845360824747,-0.0003301419610432486,0.00016494845360824747,-8.253549026081215e-05,-0.00016511182282608324
2019-07-29,-0.0004959907415061585,-0.00041363335539377897,-0.0008271982794275787,-0.00033090668431502316,-0.00044108581743123877
2019-07-30,0.0008291186468783684,-0.00041473125414731257,0.0008291186468783684,-0.00033178500331785003,-1.14620472085591e-07
2019-07-31,-0.0008350033400133601,-0.0014195056780227121,0.001502755050926699,-0.0013360053440213762,-0.001224671565352928
2019-08-01,-0.0012559658377292139,-0.001339696893577828,-0.0012662502110417017,-0.00041865527924307136,-0.0013117865416282903
2019-08-02,-0.0005938242280285036,-0.0005945303210463733,-0.0005945303210463733,-0.0005945303210463733,-0.0005942949567070834
2019-08-05,0.0012195121951219514,0.0012195121951219514,0.0012195121951219514,0.0012195121951219514,0.0012195121951219514
2019-08-06,-0.0017500875043752187,-0.00175054704595186,-0.002188183807439825,0.00043763676148796484,-0.0017503938654263131
2019-08-07,-0.0013844423293242194,-0.0013844423293242194,-0.0013844423293242194,-0.0013844423293242194,-0.0013844423293242194
2019-08-08,-0.0008655760408551891,-0.0015340037497869438,-0.0029572932069235453,8.52224305437192e-05,-0.0013111945134763592
2019-08-09,-0.00025724575544503516,-0.0003418219107844813,-0.0024867089693020065,0.0005981883438728422,-0.0003136298590046659
2019-08-12,-0.0006831767719897524,-0.0006831767719897524,-0.0006831767719897524,-0.0006831767719897524,-0.0006831767719897524
2019-08-13,-0.000766544587343497,-0.000766544587343497,-0.000766544587343497,-0.000766544587343497,-0.0007665445873434972
2019-08-14,-0.0003412386964681795,-0.00042658476239228736,-0.001404617680625055,0.0002559508574353724,-0.0003981360737509181
2019-08-15,0.0,-0.0016700360376197593,-0.0036222281120240306,0.0007031730684714775,-0.0011133573584131728
2019-08-16,-0.0005236973029588898,-0.0006983849847228285,-0.000871383757406762,-0.0005237887385421214,-0.0006401557574681823
2019-08-19,-0.0004301075268817205,-0.0004301075268817205,-0.0004301075268817205,-0.0004301075268817205,-0.0004301075268817205
2019-08-20,0.00034349506225848003,-0.0007731294562322824,0.00034349506225848003,-0.0008590327291469804,-0.00040092128340202824
2019-08-21,-0.00034173430158052114,-0.0004276062601556487,-0.0011122518822724162,-0.0007696912682801677,-0.00039898227396393946
2019-08-22,-0.00034155921782939115,-0.0005122076148198737,-0.000597575550623186,8.536793580331227e-05,-0.0004553248158230461
2019-08-23,-0.0019383259911894273,-0.007929515418502203,-0.006696035242290749,-0.0012334801762114546,-0.005932452276064611
2019-08-24,0.0010551305724083348,0.0010551305724083348,0.0010551305724083348,0.0010551305724083348,0.0010551305724083348
2019-08-26,-0.001864346590909091,-0.002041903409090909,-0.0023082386363636365,0.00026633522727272747,-0.001982717803030303
2019-08-27,-0.0007839038411288215,-0.0018291089626339169,0.001739886907351022,-0.0016549081090497344,-0.0014807072554655517
2019-08-28,-0.000779558250324816,0.0005191658734965822,0.0005191658734965822,0.0005191658734965822,8.625783222278279e-05
2019-08-29,0.0005195255000432937,-0.0012813941568426447,0.0005195255000432937,-0.0002562788313685289,-0.0006810876045473318
2019-08-30,-0.0005126452494873548,-0.0004278257893385813,-0.0010258163788681826,-0.0004278257893385813,-0.0004560989427215058
2019-09-02,-0.00017219113215669393,-0.0006887645286267757,-0.0008608815426997245,8.609556607834697e-05,-0.0005165733964700818
2019-09-03,0.0017213185299939752,-0.0005170185264971995,0.0017213185299939752,-0.0004308487720809996,0.0002290938256665254
2019-09-04,-0.00017096939647803043,-0.0007682458386683739,-0.0014511310285958174,0.0006828851899274435,-0.0005691536912715927
2019-09-05,0.0,0.0,0.0,0.0,0.0
2019-09-06,0.0006700728704246586,-0.0007548435796359977,0.0006700728704246586,0.0,-0.0002798714296157789
2019-09-09,-0.00025201612903225806,-0.0008371002846140967,0.0006704097879829046,8.371002846140974e-05,-0.0006420722327534838
2019-09-10,-0.0005053057099545225,-0.0007568113017154389,-0.0016001347481893213,-0.0007568113017154389,-0.0006729761044618003
2019-09-11,-0.00033458803847762444,-0.0009231285666330984,-0.001173512154233026,-8.392077878482712e-05,-0.0007269483905812738
2019-09-12,-0.00024838549428713363,-0.0009119548996849611,-0.00024838549428713363,-0.000248714972641353,-0.0006907650978856852
2019-09-13,8.289124668435014e-05,-0.000664617429592091,8.289124668435014e-05,-0.0005815402508930796,-0.0004154478708332773
2019-09-16,-0.0005007929221267006,-8.348639171814991e-05,-8.348639171814991e-05,-8.348639171814991e-05,-0.00022258856852100015
2019-09-17,0.0,0.0,-0.0005001250312578145,0.0,0.0
2019-09-18,0.0009201940772963025,0.0009201940772963025,0.0009201940772963025,0.0009201940772963025,0.0009201940772963025
2019-09-19,-0.0009968433294567204,-0.0009968433294567204,-0.0008349336227769892,-0.0009968433294567204,-0.0009968433294567204
2019-09-20,-8.338892595063376e-05,-8.338892595063376e-05,-8.338892595063376e-05,-8.338892595063376e-05,-8.338892595063376e-05
2019-09-23,0.0021731862253426947,-0.00033305578684429644,0.0021731862253426947,-8.326394671107415e-05,0.000502358217218034
2019-09-24,-0.00016645859342488556,-0.0006651700340899642,-0.000582459643867532,-0.0011640475596574374,-0.0004989328872016047
2019-09-25,-0.0005041593143433325,-0.000252823192314175,-0.000252823192314175,-0.000252823192314175,-0.0003366018996572275
2019-09-26,-0.0005049229992426155,-0.0012614582457320662,-0.001681944327642755,0.0004204860819106888,-0.0010092798302355826
2019-09-27,0.0014307355664029623,0.0014307355664029623,0.0014307355664029623,0.0014307355664029623,0.0014307355664029623
2019-09-30,-0.0006726080376660501,-0.001261140070623844,-0.001598250336473755,-0.0006726080376660502,-0.0010649627263045792
2019-10-01,-0.00042347759803506386,-0.00042347759803506386,-0.00042347759803506386,-0.00042347759803506386,-0.0004234775980350638
2019-10-02,8.643042350907522e-05,8.643042350907522e-05,-0.0018214936247723133,8.643042350907522e-05,8.643042350907522e-05
2019-10-03,-0.0012151722940716952,-0.002951132714174117,-0.005989063449353355,0.003037930735179238,-0.002372479240806643
2019-10-04,-0.00043025557180965496,-0.0008605111436193099,-0.0003437902879243661,-0.00025815334308579296,-0.0007170926196827582
2019-10-07,-8.469551960701288e-05,-8.469551960701288e-05,-8.469551960701288e-05,-8.469551960701288e-05,-8.469551960701288e-05
2019-10-08,0.0014613599243531333,0.0014613599243531333,0.0014613599243531333,0.0014613599243531333,0.0014613599243531335
2019-10-09,8.563110121596169e-05,-0.0014650120648052396,8.563110121596169e-05,-0.0008617718028266116,-0.0009481310094648391
2019-10-10,-0.001700824900076537,-0.001700824900076537,-0.001700824900076537,-0.001700824900076537,-0.001700824900076537
2019-10-11,-0.0002540220152413209,-0.0015055202408832385,-0.0010160880609652837,-0.0015055202408832385,-0.001088354165669266
2019-10-12,-0.0017676767676767678,-0.0003365870077415012,-0.0003365870077415012,-0.0003365870077415012,-0.0008136169277199234
2019-10-14,-0.00025271670457417233,-8.423180592991914e-05,-8.423180592991914e-05,-8.423180592991914e-05,-0.00014039343881133687
2019-10-15,-0.0005044560282495376,-0.0008407600470825626,-0.0008407600470825626,0.0,-0.0007286587074715542
2019-10-16,-0.000418025248725023,0.0,0.0,0.0,-0.00013934174957500766
2019-10-17,-0.0005822174166181486,-0.0019187453074163677,-0.0020855927254525737,0.00016684741803620604,-0.001473236010483628
2019-10-18,-0.0008356313194618534,-0.0007520681875156681,-0.001002757583354224,0.00025068939583855596,-0.0007799225648310632
2019-10-19,-8.364700961940611e-05,-8.364700961940611e-05,-8.364700961940611e-05,-8.364700961940611e-05,-8.36470096194061e-05
2019-10-21,0.0001670983373715431,0.0001670983373715431,-0.0008359107247345983,0.0001670983373715431,0.0001670983373715431
2019-10-22,-0.0006670001667500417,-8.30702774547267e-05,-8.30702774547267e-05,-8.30702774547267e-05,-0.00027771357388649834
2019-10-23,0.00016663889351774708,-0.0005836251459062865,0.00016663889351774708,-0.0005002501250625312,-0.0003335371327649419
2019-10-24,-0.0002493558307705095,-0.00041559305128418254,-0.00024927295388450354,-0.000498711661541019,-0.0003601806444462915
2019-10-25,0.0007444168734491315,0.0007444168734491315,0.0007444168734491315,0.0007444168734491315,0.0007444168734491315
2019-10-28,-0.00016451427161306244,-0.0002479543763947434,-0.00033060583519299114,8.265145879824776e-05,-0.00022014100813418308
2019-10-29,-0.0005766537606063102,-0.0005766537606063102,-0.0005766537606063102,-0.0005766537606063102,-0.0005766537606063102
2019-10-30,0.0004926917392018393,0.0004926917392018393,-0.0009900173253031927,0.0004926917392018393,0.0004926917392018393
2019-10-31,0.000493339911198816,-0.001401830625876144,-0.0013193700008246063,-8.246062505153778e-05,-0.0007701071135178241
2019-11-01,-0.0003268240869352071,-0.0004905567819475104,0.00024487796914537583,8.175946365791842e-05,-0.0004359792169434092
2019-11-04,-0.0005689206762028608,-0.0004061078622482131,-8.14265939255761e-05,-0.00016244314489928524,-0.00046037880023309567
2019-11-05,-0.0004053834927841738,-0.0005691519635742744,-0.0004053834927841738,-0.00016261484673550696,-0.0005145624733109075
2019-11-06,8.13735861339409e-05,8.13735861339409e-05,8.13735861339409e-05,8.13735861339409e-05,8.13735861339409e-05
2019-11-07,-0.0008105698305909054,-0.0008105698305909054,-0.0008105698305909054,-0.0008105698305909054,-0.0008105698305909053
2019-11-08,0.0,0.0,0.0,0.0,0.0
