date,S_up_gamma,S_up_gamma_5,S_down_gamma,S_down_gamma_5,S_up_diff_5,S_down_diff_5
2016-09-21,21281.915583677255,34465.71007140238,22955.42905107867,39120.52904557022,13183.794487725128,16165.09999449155
2016-09-22,24363.409182967163,37548.504509092076,23053.560904621194,38822.63752851547,13185.095326124912,15769.076623894278
2016-09-23,16074.5744676595,29833.1677942576,22494.59464225205,39086.79621592904,13758.593326598098,16592.20157367699
2016-09-26,23478.993483532005,39720.84281246581,19206.10305637726,33082.313487347594,16241.849328933804,13876.210430970335
2016-09-27,22043.82778020603,38721.7811468552,21561.61347489654,34020.341944865664,16677.953366649173,12458.728469969123
2016-09-28,20941.41107160848,37919.07461726541,20981.535922921583,34176.99847430117,16977.66354565693,13195.462551379584
2016-09-29,20978.117857025372,37984.20142194961,21032.1080157994,34255.603709675284,17006.08356492424,13223.495693875884
2016-09-30,21173.882856168537,37966.02310485915,20554.10527544827,35248.25106334583,16792.140248690615,14694.14578789756
2016-10-04,19831.833072304373,34042.434376294594,24539.05371636967,44023.36488255532,14210.601303990221,19484.311166185646
2016-10-05,19406.944186373374,34901.36721537198,20249.896239280384,37207.79505135797,15494.423028998608,16957.898812077587
2016-10-06,17411.579130922022,34238.89351099219,21488.980757940004,37803.51527319895,16827.314380070165,16314.534515258947
2016-10-07,19615.133534177912,36824.5125827435,22405.762627441247,40293.16273917227,17209.379048565585,17887.400111731025
2016-10-11,20345.836065572606,36943.48128655022,21180.1601483647,39274.54855190281,16597.64522097761,18094.38840353811
2016-10-13,17543.95992862149,39683.43651624611,16312.502542585537,35816.30644604476,22139.47658762462,19503.803903459222
2016-10-14,15051.255496847056,36551.85642360425,14499.811028816923,35764.52622613145,21500.600926757194,21264.715197314526
2016-10-17,16160.42628465405,36089.513109663545,12300.395386366321,33383.958629770445,19929.086825009494,21083.563243404125
2016-10-18,10736.676750618753,23337.04236724037,15492.126859744702,38441.99788824545,12600.365616621617,22949.87102850075
2016-10-19,12242.2356299179,24987.154350840436,13077.754162322952,36509.64108011004,12744.918720922537,23431.88691778709
2016-10-20,9481.857362557708,19963.687189040706,12497.900135333932,36564.28915334053,10481.829826482997,24066.389018006594
2016-10-21,12273.895247278777,22985.489958546514,10542.964617599931,31158.19900874388,10711.594711267737,20615.234391143946
2016-10-24,9927.308314576894,12853.516954876704,9287.420853535885,13636.125156703061,2926.20864029981,4348.7043031671765
2016-10-26,10012.677538915717,13044.628252702245,9507.649313659318,15183.694245195144,3031.9507137865276,5676.0449315358255
2016-10-27,8620.685246208504,10933.970030458511,12735.29646819816,20533.626535025534,2313.284784250007,7798.330066827375
2016-10-28,10482.797579763617,13234.067755681548,14012.977578189573,21439.638753502204,2751.270175917931,7426.661175312631
2016-10-31,10781.209528720507,13596.361467151963,14154.571580607524,21654.83192599328,2815.151938431456,7500.2603453857555
2016-11-01,10695.488444797274,13469.482099213865,15066.991451328606,22734.323970272068,2773.9936544165903,7667.332518943462
2016-11-02,11706.70611013597,15317.848982841802,13428.107193773976,19136.031655639632,3611.142872705832,5707.924461865656
2016-11-03,11256.615232861624,15394.983385668054,13351.459543571496,18529.580063359,4138.36815280643,5178.120519787504
2016-11-04,10349.086356253396,13781.913900675232,13225.71011115745,18755.267309828763,3432.827544421836,5529.557198671313
2016-11-07,11185.676343751144,14745.108977213577,14222.476431246667,20902.186420013895,3559.432633462433,6679.709988767228
2016-11-08,11305.9991408401,15414.171395560317,14782.72346838799,22239.75014767647,4108.172254720217,7457.0266792884795
2016-11-09,11328.50479313314,14788.105086520627,16371.360139152224,25222.47692410358,3459.600293387488,8851.116784951355
2016-11-10,12280.038497864583,16635.66292034614,15173.444203923946,22067.227652222613,4355.624422481558,6893.783448298667
2016-11-11,12008.24234698233,16376.644871421464,15907.327008796532,23977.23436308253,4368.402524439134,8069.907354285999
2016-11-14,13521.543932136152,18450.028439311598,17261.024782679302,24290.551217800246,4928.484507175446,7029.526435120944
2016-11-15,16987.339522971713,25892.11495291089,18317.42886631393,29882.96697276676,8904.775429939178,11565.53810645283
2016-11-16,14733.66459158609,23140.678445559326,18899.50193373069,32911.00148654533,8407.013853973236,14011.499552814636
2016-11-17,15101.202156349304,24675.35772692842,17543.110520644033,31012.991853755437,9574.155570579118,13469.881333111403
2016-11-18,15159.308432048218,24265.87115338896,17371.330548304766,31584.18997857168,9106.56272134074,14212.859430266915
2016-11-21,15769.83013467879,24982.13080229618,15037.194123540708,29234.372245599698,9212.300667617388,14197.17812205899
2016-11-22,11003.41808315803,16243.183838648012,19700.055562137575,39737.26234166128,5239.7657554899815,20037.2067795237
2016-11-24,9716.66621798906,13888.014039103464,20691.28311068046,40246.1627026347,4171.347821114403,19554.87959195424
2016-11-25,9192.810111905352,12371.944274463556,19795.77251929976,34772.33368391105,3179.1341625582045,14976.561164611288
2016-11-28,9612.250446565413,12532.59354059896,19248.260331522924,35758.75068351571,2920.3430940335475,16510.490351992787
2016-11-29,9676.527890190044,12184.576628180122,19217.970675076078,35914.55337755077,2508.0487379900787,16696.582702474694
2016-11-30,13599.500732188268,17182.852544602618,22846.523157224226,38149.17762740789,3583.35181241435,15302.654470183661
2016-12-01,13566.965965284187,18250.658096447703,21787.624018074992,37309.65087186395,4683.692131163516,15522.02685378896
2016-12-02,12769.398869364386,17757.37461630327,20799.620580183928,36529.8166828197,4987.975746938884,15730.196102635771
2016-12-05,12419.11397136032,17950.253136777363,20392.982877653954,36331.75672390737,5531.139165417042,15938.773846253414
2016-12-06,13127.755566982189,17389.770323553577,18065.874775844357,36282.47297096512,4262.014756571389,18216.598195120765
2016-12-07,11163.626069058897,15098.63182003711,19230.4459751553,37726.202868436965,3935.0057509782127,18495.756893281665
2016-12-08,11138.678399927427,15093.194999280633,18678.34799677866,37511.95731448595,3954.5165993532064,18833.609317707294
2016-12-09,12311.893929826776,19198.677611260653,18872.408818343476,34702.29318887916,6886.783681433877,15829.884370535681
2016-12-12,12696.788548295595,18295.51149072697,19034.055468112387,36921.907599325095,5598.7229424313755,17887.85213121271
2016-12-13,12644.683848726749,20024.93117922954,17429.278587737368,36155.1734918279,7380.2473305027925,18725.894904090535
2016-12-14,12281.723496958708,20401.605587699727,18244.755041377153,36323.38879159373,8119.882090741019,18078.633750216577
2016-12-15,12585.810540675677,21207.027677043712,15861.55325182434,31770.884652841705,8621.217136368035,15909.331401017365
2016-12-16,13809.73395753274,22569.550099599663,22271.784247481766,42239.23263555895,8759.816142066922,19967.44838807718
2016-12-19,13614.909520753094,21496.215639115093,22042.784715415637,43748.30353922963,7881.306118361999,21705.518823813993
2016-12-20,14869.942560229469,25812.630488296203,19454.881576720574,37746.986042391676,10942.687928066734,18292.104465671102
2016-12-21,14444.566760117814,27675.506996585016,17842.044841370735,32555.898308393567,13230.940236467202,14713.853467022833
2016-12-22,13843.923142607928,25078.796787850257,16916.357838112228,32940.11569287471,11234.873645242329,16023.75785476248
2016-12-26,14802.591180675585,21819.09148756439,10830.101214035303,17881.967661039118,7016.500306888805,7051.866447003815
2016-12-27,10173.378153824244,15270.4629972486,10250.774314519218,14653.56056942206,5097.084843424356,4402.786254902841
2016-12-28,13570.430045568128,19464.21017010641,14818.153496792836,23403.627576046063,5893.780124538282,8585.474079253227
2016-12-29,13201.745812144854,19774.075535686,13337.083184672978,20936.758624209826,6572.329723541145,7599.675439536848
2017-01-02,15750.141029581,22312.99213960655,13451.37116388515,20432.662213094136,6562.851110025551,6981.291049208987
2017-01-03,12054.172461432217,16833.155478849993,9922.952366913603,14338.400079899086,4778.983017417775,4415.447712985482
2017-01-04,16457.78850382732,24685.186560958377,13263.885351081672,19348.44962702756,8227.398057131057,6084.564275945888
2017-01-05,14106.000994006119,20907.872060421836,15661.237692115563,24698.60891020619,6801.871066415717,9037.371218090626
2017-01-06,15807.124008892208,23095.5433195221,15975.32856526744,25157.48718808315,7288.4193106298935,9182.158622815708
2017-01-09,17515.56339715022,26911.816169447848,12101.430349277098,19261.016647547385,9396.252772297627,7159.586298270287
2017-01-10,14352.345849706224,22230.03133509056,16052.625913320733,25075.001812761348,7877.685485384336,9022.375899440614
2017-01-11,13866.438333772101,21072.711489266625,16459.249681489215,27482.388080441506,7206.273155494524,11023.138398952291
2017-01-12,15289.439396185418,24965.727812193007,17244.967997707216,28016.453558355297,9676.288416007588,10771.485560648081
2017-01-16,11816.176246176592,19670.0962678711,19874.05243080725,38393.23956686745,7853.920021694508,18519.1871360602
2017-01-17,12255.124461852083,17550.77815868293,20195.801662939983,31823.064664484475,5295.6536968308465,11627.263001544492
2017-01-18,14812.611057862212,19575.762428673264,21743.94474814543,42376.453643263296,4763.151370811052,20632.508895117866
2017-01-19,12827.57493627475,17728.478130687465,21660.730201122627,40739.6022549466,4900.903194412715,19078.872053823972
2017-01-20,14653.012387768164,19850.33543775723,21582.293874111012,40844.980706300135,5197.323049989065,19262.686832189123
2017-01-23,13538.067134428897,19199.108549408695,22165.948208677903,41578.9508804813,5661.041414979798,19413.0026718034
2017-01-24,14334.892886332982,21328.29991337403,20106.292887222364,37560.91854288253,6993.407027041048,17454.625655660166
2017-01-25,12860.101155799197,19857.515020950468,19597.9443953486,38103.29108680136,6997.413865151271,18505.346691452756
2017-01-26,13189.720844466627,20927.993776185063,18783.463119048418,36709.735635353274,7738.272931718437,17926.272516304856
2017-01-27,13942.969280611818,22061.197564267353,20457.776977422174,35329.98905848952,8118.228283655535,14872.212081067344
2017-01-30,14447.284944471368,22004.876294050886,22108.332292590283,36407.41542060944,7557.591349579518,14299.083128019156
2017-01-31,15689.139282102873,25382.9513705526,14062.700667908968,23235.40198233481,9693.812088449728,9172.701314425842
2017-02-01,13300.010451406146,22936.23798581812,13260.334215916577,22408.451487160673,9636.227534411973,9148.117271244097
2017-02-02,12623.168692353986,20605.15601648704,19965.65668561391,31844.26208824477,7981.987324133053,11878.60540263086
2017-02-03,12890.527422091227,20772.518577730814,19787.02763401228,32694.128292411686,7881.991155639587,12907.100658399406
2017-02-06,14431.849443684576,24880.315510251156,20379.61648193566,32987.96415028934,10448.46606656658,12608.347668353683
2017-02-07,12574.350868174839,20948.21219330113,20308.696931907652,34702.09177180743,8373.86132512629,14393.394839899775
2017-02-08,14170.292358229695,22074.56303046125,18918.111703244747,35217.499856609415,7904.270672231554,16299.388153364667
2017-02-09,12622.087938909573,19581.806452368488,25678.783327935816,45059.696310455874,6959.7185134589145,19380.912982520058
2017-02-10,12718.404147194631,20356.675585499986,23223.255552612838,40883.086618929985,7638.271438305355,17659.831066317147
2017-02-13,11643.152600725281,18294.86356226521,23354.972298037996,44306.49546948206,6651.7109615399295,20951.523171444067
2017-02-14,10692.619372222698,18104.818039640457,19823.673259351766,39271.12318672443,7412.198667417759,19447.44992737266
2017-02-15,11879.938396058276,21700.632108358528,14193.609047439042,30492.525525433106,9820.693712300252,16298.916477994064
2017-02-16,11910.715608598008,18817.34810626762,19364.8602995467,41283.776439736,6906.6324976696105,21918.9161401893
2017-02-20,16824.85888230988,27586.54935347399,16994.95026510696,35749.441909322864,10761.690471164111,18754.491644215905
2017-02-21,14829.338128245454,26321.954658704595,15053.913720206489,28993.450466264738,11492.616530459141,13939.53674605825
2017-02-22,16386.100866015666,32152.103516896965,18008.679543173763,29235.88246741853,15766.002650881299,11227.202924244768
2017-02-23,18028.842379754034,32339.630381710016,16101.663161913117,26545.44083150279,14310.788001955982,10443.777669589674
2017-02-24,17796.94056165658,31724.60613878349,13048.31398940544,19996.648035573115,13927.66557712691,6948.334046167674
2017-02-28,16693.973054088543,24698.60448420525,13540.610972990955,20497.698109391917,8004.631430116708,6957.087136400962
2017-03-01,16023.177343818807,22712.019265065865,17194.85472245366,25729.75705187006,6688.841921247058,8534.9023294164
2017-03-02,14788.725596359942,19912.194610686016,19355.667653748784,30435.056210272553,5123.469014326074,11079.388556523769
2017-03-03,15466.501135544206,22635.904376152077,16231.344642855123,25648.159545273524,7169.403240607871,9416.8149024184
2017-03-06,15638.6918895448,23037.496765516335,17430.338268709555,27627.552092967915,7398.804875971535,10197.21382425836
2017-03-07,15866.867483113041,23816.04270593299,17338.957426328667,27774.895903403634,7949.1752228199475,10435.938477074968
2017-03-08,17827.325189613628,27285.999602678145,14363.985648692797,22283.505059345902,9458.674413064517,7919.519410653105
2017-03-09,19941.086880017527,30039.186305072875,15755.031830894504,24125.496081047422,10098.099425055349,8370.464250152918
2017-03-10,17929.107798781788,30189.936543637723,13350.061646718686,20872.432353333163,12260.828744855935,7522.370706614476
2017-03-13,17226.033602093954,28499.714441574368,13133.125955503354,19778.59652622479,11273.680839480414,6645.470570721434
2017-03-14,16511.915964127908,28095.541177756088,13284.515459947268,20173.8807538976,11583.62521362818,6889.365293950332
2017-03-15,16809.642374304967,29965.96464386588,10288.784946400156,16640.091786809622,13156.322269560911,6351.3068404094665
2017-03-16,16362.163863120682,29628.52556269744,10184.553956948443,16361.647446991274,13266.361699576757,6177.093490042831
2017-03-17,17332.401365362362,29483.48174433923,10331.546217376663,17637.377255493895,12151.080378976869,7305.831038117232
2017-03-20,17090.016190924518,29927.357815903186,10665.863456502646,18011.386228555366,12837.341624978668,7345.52277205272
2017-03-21,17047.993263094868,28137.724225198843,11367.728081683497,18945.18044676864,11089.730962103975,7577.452365085144
2017-03-22,16443.005350799107,27624.27354382409,10852.37890608655,18665.361578454023,11181.268193024982,7812.982672367474
2017-03-23,15677.57883841716,26179.153853334115,11570.913261664406,19378.194468396374,10501.575014916956,7807.281206731968
2017-03-24,16416.704774238977,25993.509628729294,10712.171203699696,17559.35745202626,9576.804854490318,6847.186248326563
2017-03-27,16921.533889901733,28104.45192415011,12554.763981277107,17963.595379818762,11182.918034248378,5408.831398541655
2017-03-28,15439.494396410524,26463.53015713039,9639.537369936974,14978.000350125161,11024.035760719866,5338.462980188187
2017-03-29,16416.541256002987,27434.179813204,10734.937628434987,16524.822218397596,11017.638557201011,5789.8845899626085
2017-03-30,16830.174984217803,28877.429711555553,12037.62347019021,18141.391769408474,12047.25472733775,6103.768299218264
2017-03-31,18610.096436179618,31611.86419819081,9628.455090659962,15227.973292155826,13001.767762011194,5599.518201495865
2017-04-03,15840.340788335408,31161.393000304844,7850.380708213915,12141.49843450959,15321.052211969436,4291.117726295676
2017-04-04,14253.43926170678,29755.965524214822,7648.652019684538,11811.71597084121,15502.526262508041,4163.0639511566715
2017-04-05,13204.426900354296,28241.86933747397,8045.680182464492,12587.10357348739,15037.442437119675,4541.423391022898
2017-04-06,15022.415590262948,29565.053741750984,9487.33852743402,14826.262040644075,14542.638151488036,5338.923513210055
2017-04-07,13560.372277408282,28680.5466094421,7576.283085376058,12749.370462978035,15120.174332033817,5173.087377601977
2017-04-10,14141.140191755874,29184.036814271178,7628.687993827414,12844.764684923925,15042.896622515304,5216.07669109651
2017-04-11,13966.945520656634,29191.986311139506,7964.671889836981,13578.945033839791,15225.040790482872,5614.27314400281
2017-04-12,12898.93688740383,28547.379482746503,9283.279743378576,16191.12053463193,15648.442595342673,6907.840791253353
2017-04-14,12952.073709764574,27540.70755244157,9781.058003952327,18239.539322517303,14588.633842676996,8458.481318564976
2017-04-17,13737.639538763586,26103.65370421329,12641.531144519933,22178.8524323165,12366.014165449706,9537.321287796567
2017-04-19,14407.643488724605,27586.71118244953,12151.186251651003,21357.5239459813,13179.067693724925,9206.337694330296
2017-04-20,13736.062811988286,26283.026543363674,11771.977936230012,21478.576912237873,12546.963731375388,9706.598976007861
2017-04-21,13065.744208615699,20842.61828804879,10765.71550600683,17881.794146559394,7776.8740794330915,7116.078640552563
2017-04-24,21746.52863064216,30177.039013759077,15991.54991012611,25534.45048463365,8430.510383116918,9542.90057450754
2017-04-25,23550.821757400576,30956.623611128623,18784.288064122127,30260.06394871908,7405.801853728048,11475.775884596951
2017-04-27,23843.874506525262,32931.85221802987,16727.238397867008,25331.37629155034,9087.977711504605,8604.137893683332
2017-04-28,23714.81389030912,32741.25776147591,15762.307607244726,24070.58453656512,9026.44387116679,8308.276929320393
2017-05-01,25373.33462013218,35365.86575802691,17475.17995257405,26270.687696636476,9992.531137894726,8795.507744062426
2017-05-03,25391.54615508384,34897.03773818449,19683.389149450202,32377.19226861337,9505.491583100647,12693.803119163167
2017-05-05,28191.377859463966,37384.81253727236,21381.556866075778,34819.660529064306,9193.434677808393,13438.103662988528
2017-05-09,27589.23515404151,38800.90175423327,19080.06332189065,31162.2772411384,11211.666600191762,12082.213919247748
2017-05-10,29871.72537802317,39853.47925989081,18383.841700383982,33231.67682431542,9981.75388186764,14847.83512393144
2017-05-16,27746.243890758637,41632.728069316676,18254.207601606075,32689.18588744639,13886.48417855804,14434.978285840316
2017-05-18,29928.58967476941,41556.60926170277,19668.036267997417,37940.5136185508,11628.019586933358,18272.477350553385
2017-05-22,32126.568395274528,48138.564345130275,16335.426310854751,28278.19142472108,16011.995949855747,11942.76511386633
2017-05-24,28129.509413961474,42352.00751407845,17484.20654076941,27588.36699419585,14222.498100116973,10104.16045342644
2017-05-25,28219.539925880377,42479.67202062724,17777.93722822776,29437.583032897404,14260.13209474686,11659.645804669643
2017-05-31,26410.43964712086,44844.80955806935,10160.159303936935,15987.15588839906,18434.369910948488,5826.996584462126
2017-06-02,26803.07399320653,45221.26931858882,10247.044427289331,16272.315729314214,18418.19532538229,6025.271302024883
2017-06-09,33681.26244719969,52105.340066679484,17316.086564305344,30020.874754653618,18424.077619479795,12704.788190348274
2017-06-12,35960.74397615477,54330.20929521263,19306.061879639656,33360.843175540045,18369.46531905786,14054.78129590039
2017-06-13,32621.169472223148,51634.20666230835,15485.14810386156,26215.1587185885,19013.037190085204,10730.01061472694
2017-06-14,33202.26938560588,54089.29238284267,14826.783831191795,25931.945239587036,20887.02299723679,11105.16140839524
2017-06-15,33189.527740444326,54361.70139714301,15247.397753013951,26609.958848674632,21172.173656698687,11362.561095660682
2017-06-16,32239.92080405804,51705.11929988448,17372.866892046703,30268.711052011684,19465.198495826437,12895.844159964981
2017-06-19,32590.04954868687,52254.13837104944,17563.152826822952,30592.471088566806,19664.08882236257,13029.318261743854
2017-06-20,32012.235068501926,52999.24104218492,17277.47443312546,30233.556697518783,20987.005973682993,12956.082264393324
2017-06-21,31230.88795529982,46061.27063888362,14090.428197483247,24182.473215434085,14830.382683583804,10092.045017950839
2017-06-22,30684.003110687143,47789.640117056224,13783.689106749749,21330.026245935413,17105.63700636908,7546.337139185664
2017-06-23,25805.666373252363,38644.9131115903,11148.07133475184,16610.822062769013,12839.246738337937,5462.750728017174
2017-06-26,25135.813120928346,35735.324870007746,12153.072867233139,17484.544631214725,10599.5117490794,5331.471763981586
2017-06-27,25891.15889321964,37212.53865748858,11984.237715033361,17680.42700821899,11321.379764268939,5696.189293185629
2017-06-28,31227.95490778478,44646.60474206107,13013.360022295163,19399.491431368122,13418.64983427629,6386.131409072959
2017-06-30,32910.00489382699,46095.41587558924,17804.455670238793,25024.6609785261,13185.410981762252,7220.205308287306
2017-07-03,38957.94760216373,48661.57985845805,25992.70023702944,38131.678423700214,9703.632256294317,12138.978186670774
2017-07-04,39098.89844191734,48838.19754081053,26086.880656141213,38270.395974330466,9739.299098893185,12183.515318189253
2017-07-06,36169.36943764491,43318.20356404611,27928.388151709583,45387.87635809584,7148.834126401198,17459.488206386257
2017-07-07,34613.12117339318,41968.630582878475,27609.222001230835,45259.73969769906,7355.5094094852975,17650.51769646822
2017-07-10,36510.32061940227,44675.4522575934,25585.58770403519,44543.21315754152,8165.131638191131,18957.625453506327
2017-07-12,32741.74931407534,39726.89953529336,23703.56152883121,43263.11949394402,6985.150221218024,19559.557965112806
2017-07-14,32338.081786073006,44202.77432165082,28033.34250104663,47319.306909286155,11864.692535577811,19285.964408239524
2017-07-17,33989.5583354996,45509.809104191416,24957.667151797563,45595.47138010453,11520.250768691818,20637.804228306966
2017-07-18,30429.81634200982,42353.61281517316,24325.179908282917,44469.51908779946,11923.79647316334,20144.339179516544
2017-07-19,35741.1539055606,48339.45854874312,21759.74556515615,37151.21031947757,12598.30464318252,15391.46475432142
2017-07-20,37004.1519971805,49271.932140911995,22401.38635278466,38680.17787153492,12267.780143731492,16278.791518750262
2017-07-21,35353.85534183849,43979.68228309187,25767.041991982933,43107.74487065126,8625.826941253377,17340.702878668326
2017-07-24,35458.904880659706,43367.8972284814,22627.73248157394,36588.93591285486,7908.992347821695,13961.20343128092
2017-07-26,31363.956376966213,41670.51391142684,23802.068729629133,37429.23380400866,10306.557534460626,13627.165074379529
2017-07-28,33975.119398106144,44830.9867359501,22516.547685451435,38328.77511923823,10855.867337843956,15812.227433786793
2017-07-31,36402.23547491318,48135.394309941,23822.642496270284,39982.87196452276,11733.158835027825,16160.229468252477
2017-08-01,33503.639866369325,46433.47062735223,23325.61397092598,40081.02142933564,12929.830760982906,16755.40745840966
2017-08-02,32726.6014880215,46747.00818894549,22424.147245716333,35017.26986250297,14020.406700923988,12593.12261678664
2017-08-03,28845.918730368776,42721.17262617673,20810.239204793503,35278.559188952015,13875.253895807957,14468.319984158512
2017-08-04,29724.459303269687,46159.24962921723,19644.53360708325,31571.883912741654,16434.790325947542,11927.350305658405
2017-08-07,29219.95339685765,46048.88134576017,18041.124030430597,29991.380699107034,16828.92794890252,11950.256668676437
2017-08-08,32838.46331591265,47767.29435979606,19022.425067452106,32341.208914924675,14928.831043883409,13318.783847472569
2017-08-09,32848.17849925363,48253.9429888061,20768.880644263794,34826.86290174473,15405.764489552472,14057.982257480937
2017-08-10,34129.89363475398,50029.718506114754,21637.983000959015,36543.09164623407,15899.824871360775,14905.108645275053
2017-08-11,26282.48676919784,47665.952912159184,16446.371719830582,26300.944119488126,21383.466142961344,9854.572399657543
2017-08-18,26786.1166058804,46476.02597740219,19897.095716971246,31813.188614239174,19689.90937152179,11916.092897267928
2017-08-21,24576.149585615993,43431.907281031694,20369.36499118469,35198.60736296381,18855.7576954157,14829.24237177912
2017-08-22,27159.45603557648,47276.78426192353,20016.370847696297,33942.13267535427,20117.32822634705,13925.76182765797
2017-08-23,24672.05669332766,45938.39357357495,20098.024288309298,35145.51573815114,21266.336880247287,15047.49144984184
2017-08-24,23590.59409377023,41421.29699941094,18786.703698400106,32789.901605291205,17830.70290564071,14003.197906891099
2017-08-25,24200.096309925855,40491.17321988116,22481.28588049735,37025.97571429571,16291.076909955304,14544.689833798358
2017-08-28,24136.476846981583,38513.41700747505,21650.0863552648,36225.57410944048,14376.940160493468,14575.48775417568
2017-08-30,22489.44768048356,38506.07003254677,19354.897855261443,33188.73961358393,16016.622352063208,13833.841758322487
2017-08-31,22292.141564063142,39661.89050228371,18881.4072450715,32179.69305536016,17369.74893822057,13298.28581028866
2017-09-05,19152.57997207716,30240.421679373274,19807.970986796394,33127.512148700036,11087.841707296113,13319.541161903642
2017-09-07,23281.71848588265,35526.97946994803,24451.902567664805,46867.60989838265,12245.260984065382,22415.707330717847
2017-09-11,24202.02187611007,38501.16653454876,22097.93974513318,42147.744802316876,14299.144658438694,20049.805057183697
2017-09-13,23755.275417346176,43044.98344349107,21557.84183576391,41964.178186936886,19289.708026144897,20406.336351172977
2017-09-14,21818.884333976435,38944.94770929665,18023.826345099864,42153.15383966061,17126.063375320213,24129.327494560748
2017-09-20,21150.02989541729,37373.631983857165,18618.891408449097,42620.48418359111,16223.602088439875,24001.59277514201
2017-09-21,21481.523974777952,35417.40759480646,17217.987876311152,40781.67829856693,13935.883620028504,23563.690422255775
2017-09-28,21004.917243930126,35713.50011150223,18398.421760873738,36499.34503927455,14708.582867572106,18100.923278400813
2017-10-02,20228.36829375759,34905.36644542424,16253.242350484104,37294.21563476285,14676.998151666648,21040.97328427874
2017-10-03,18971.61223890648,36553.693473847314,15541.241144897507,35200.209920637964,17582.081234940833,19658.968775740457
2017-10-06,17036.280345870415,33072.832605338066,16827.123328107715,38610.93985911201,16036.552259467651,21783.816531004297
2017-10-10,17017.260246785834,32475.500845576527,18036.953401343668,39033.82804068015,15458.240598790693,20996.87463933648
2017-10-13,14400.538705208564,28732.991658527942,14336.759044957485,44582.098226160204,14332.452953319378,30245.33918120272
2017-10-16,15968.404592918725,32998.66751182831,13958.330053181382,52188.04866612293,17030.262918909582,38229.71861294155
2017-10-17,15693.383648961244,32623.339786931505,13770.195866854385,48212.35482488778,16929.95613797026,34442.1589580334
2017-10-20,13071.851288308797,28392.316598669928,13630.667594833389,47699.18734044894,15320.46531036113,34068.51974561555
2017-10-24,13673.01372291814,29670.662251269987,10240.931271597712,36813.957749194655,15997.648528351847,26573.02647759694
2017-10-25,14567.899329414528,29386.178647726858,11647.524742523641,32616.040232411917,14818.27931831233,20968.515489888276
2017-10-26,14620.400122634117,29485.24353444125,11682.96209486697,32728.601835987225,14864.843411807135,21045.639741120256
2017-10-31,13832.984432568508,23795.179388057335,7082.634754084897,14860.619404658855,9962.194955488827,7777.984650573958
2017-11-07,15323.121555843178,23947.2624614846,8096.030003058373,18198.816738276626,8624.140905641421,10102.786735218253
2017-11-09,16652.946025934132,25311.23421480074,10318.383497289446,21120.502870029188,8658.288188866609,10802.119372739742
2017-11-10,14629.487304224021,28895.25784150263,9220.667088012422,17395.442408091738,14265.770537278608,8174.775320079316
2017-11-13,13217.085130179168,26422.16225106546,8643.670479789802,16663.195699263837,13205.077120886292,8019.525219474035
2017-11-16,15040.511254951018,28262.783734130375,7641.9172120400735,14727.392414511158,13222.272479179357,7085.475202471084
2017-11-17,18362.195624662476,35342.61002057395,4900.043306437724,11455.147297069021,16980.414395911474,6555.103990631297
2017-11-20,15172.340320512978,24747.196986754967,8836.994834997166,17857.804568156695,9574.856666241989,9020.809733159529
2017-11-21,14555.49284891256,24248.745114469395,8244.19029723066,15968.05884878536,9693.252265556835,7723.8685515547
2017-11-23,13326.804231384149,22426.39143236717,8315.168646277376,15843.712708518957,9099.587200983022,7528.544062241581
2017-11-27,14765.39156088697,24091.187345712708,6741.89890320879,14646.335771298156,9325.795784825737,7904.436868089366
2017-11-30,14272.736918068867,24041.46071788206,6801.905586211092,14930.994563863524,9768.723799813191,8129.088977652432
2017-12-12,18171.565827587652,32103.07885388651,5913.363252251785,14491.489834484684,13931.513026298857,8578.1265822329
2017-12-13,16398.21222686622,32664.227869687893,5973.295606139045,13683.571358091998,16266.015642821672,7710.275751952953
2017-12-27,17884.754847587483,30254.67940311591,6568.922753105237,13151.282940268578,12369.924555528429,6582.360187163342
2018-01-03,15660.14177993749,28508.780108137737,7223.489250852198,14062.332693271792,12848.638328200246,6838.843442419594
2018-01-11,17679.54944982052,35349.57277547383,8333.480987404695,15922.116367064818,17670.023325653314,7588.635379660123
2018-01-12,17490.364639906304,35822.559141615966,7469.72457070983,14495.911903631977,18332.194501709662,7026.187332922147
2018-01-18,16274.57357097283,32300.968336768037,7557.15150663989,17770.1683024989,16026.394765795207,10213.01679585901
2018-01-19,16162.895547449847,32065.97484945194,7220.762265869383,18955.870074773302,15903.079302002094,11735.107808903918
2018-01-23,16414.823569407636,30955.52043696324,7934.2594802268495,19831.78004313779,14540.696867555605,11897.52056291094
2018-02-01,17204.76300639809,28064.56451852145,12856.888947908985,24383.754157835927,10859.801512123358,11526.865209926942
2018-02-06,17343.966311631782,35192.03949935521,7157.14078419099,15577.130842298893,17848.07318772343,8419.990058107902
2018-02-13,19758.44053561633,31740.389678534444,10246.859343038715,26069.947618903392,11981.949142918114,15823.088275864677
2018-02-15,16204.797234200101,24149.41721754103,12769.655627856277,29372.1671687337,7944.61998334093,16602.51154087742
2018-02-27,17983.91649780405,26357.41255386637,11498.507443928003,24788.92930540382,8373.496056062319,13290.421861475817
2018-02-28,18590.475965052,27314.88076564273,11854.391826694293,24705.170965419984,8724.404800590732,12850.779138725691
2018-03-01,18651.868868449663,26677.19507925411,11570.158157843382,25049.555036468522,8025.326210804447,13479.39687862514
2018-03-02,18576.15890183183,25140.42820363358,13859.177056374,28325.656923803937,6564.269301801749,14466.479867429938
2018-03-05,20407.091052195312,27119.90103645049,14521.602540924328,28849.83727637618,6712.809984255178,14328.234735451852
2018-03-09,19741.087278434024,30824.59237130029,13403.107876707543,29162.378648691316,11083.505092866264,15759.270771983773
2018-03-13,20754.75503382474,34639.15109280967,11275.759217403147,22655.40425194302,13884.39605898493,11379.645034539872
2018-03-14,21154.572332180724,33865.43462851662,13298.807756702863,28292.483011847406,12710.862296335894,14993.675255144542
2018-03-19,19737.842286716164,32771.429454693025,12618.221497883687,27762.520834375642,13033.58716797686,15144.299336491955
2018-03-21,15970.322670164178,33334.72667096807,10297.907223220935,20601.233143259906,17364.404000803894,10303.325920038971
2018-03-22,16215.813752892847,31196.752952317733,11279.00167843436,21126.412192465268,14980.939199424885,9847.410514030908
2018-03-23,16636.543652217788,29508.935163765156,12543.320023290782,22731.649506762707,12872.391511547368,10188.329483471925
2018-03-27,16380.61294943915,27627.0926440374,8738.162600853651,17779.155216449428,11246.479694598249,9040.992615595776
2018-03-28,18118.362925762405,30585.877316245907,9177.577761566014,17546.241560260314,12467.514390483502,8368.6637986943
2018-03-29,18558.592385033244,31553.1584292066,10243.585872640531,18330.607037753663,12994.566044173356,8087.021165113132
2018-04-02,15759.896539202638,26238.518683768947,10111.638040681779,24914.816378502255,10478.622144566309,14803.178337820476
2018-04-04,17277.0927456902,29400.708313352672,11104.118770066763,24018.80869245674,12123.615567662473,12914.689922389976
2018-04-09,19206.558437308606,30961.156404144327,14757.585179778573,27573.14460107765,11754.597966835721,12815.559421299076
2018-04-12,12125.479828651263,24362.801932686616,12320.69189445812,28659.324521955645,12237.322104035353,16338.632627497525
2018-04-16,13663.964045032397,25962.569322022755,12950.12097006442,32777.410568658175,12298.605276990358,19827.289598593758
2018-04-18,12349.770213843804,25801.67028647011,10839.975360218072,27213.328391656672,13451.900072626308,16373.3530314386
2018-04-23,17917.653256311314,26614.057664005883,11135.241130668797,17333.177957302356,8696.404407694568,6197.936826633559
2018-04-25,21168.875589587653,30472.13704781196,12079.545693092925,18252.741222354573,9303.261458224308,6173.195529261648
2018-04-27,22549.49368975972,32894.267306631715,12952.463967085132,20343.904733535976,10344.773616871993,7391.4407664508435
2018-04-30,22798.30467184818,31927.171070938326,15752.108286997016,25254.060401601044,9128.866399090148,9501.952114604028
2018-05-03,27024.324112280075,37062.53844282977,13208.01839826603,21433.712321320705,10038.214330549694,8225.693923054676
2018-05-07,28062.159576074187,39115.15928795618,15092.095024693834,23166.615505661077,11052.999711881992,8074.520480967243
2018-05-09,30198.13356680843,44763.513297178484,10279.175588062097,17465.02310346094,14565.379730370056,7185.847515398842
2018-05-10,30806.538534510386,45867.68701955885,10765.66143604869,18146.627970439455,15061.148485048463,7380.966534390765
2018-05-11,29684.009076001388,45634.06290835021,11497.974309553461,19789.892011706364,15950.053832348825,8291.917702152903
2018-05-16,32943.36874254131,49078.14273406327,11633.399992297911,20375.25105806169,16134.773991521964,8741.85106576378
2018-05-18,30213.465111829802,50941.69093220771,10087.700448950593,17297.71882014701,20728.22582037791,7210.018371196416
2018-05-21,31508.382892634912,52803.813589351084,10465.72162154886,18051.729288264825,21295.430696716172,7586.007666715965
2018-05-22,33132.57228063943,50552.927610211154,12689.37838226386,23529.542305833478,17420.35532957172,10840.163923569618
2018-05-23,29148.162588428695,44546.2353153884,16265.869290730923,29149.404758114735,15398.072726959708,12883.535467383812
2018-05-24,30646.890688158295,44206.601242137534,18187.167056151506,33337.42974203944,13559.71055397924,15150.262685887938
2018-05-25,31667.540591590587,43777.68254574769,17015.439209322467,28500.88668094785,12110.141954157101,11485.447471625383
2018-05-30,33464.743691893345,47537.73028517784,15351.454377209264,26560.989123207128,14072.986593284491,11209.534745997864
2018-05-31,33196.967560738034,48063.65479855156,12950.250961089572,22836.38939046096,14866.687237813523,9886.138429371389
2018-06-01,31449.60097919824,46861.2051477103,13395.09906320518,22149.53694692219,15411.604168512062,8754.437883717012
2018-06-04,31225.04381679071,47790.566557355654,13892.096954731376,23975.42285235762,16565.522740564946,10083.325897626244
2018-06-05,29557.68955444428,48618.21842233543,9942.903409335631,17557.46078145225,19060.528867891146,7614.557372116618
2018-06-06,29232.647427695683,48592.664192171454,9884.296356951427,17691.40674058657,19360.01676447577,7807.110383635145
2018-06-07,32238.760882402436,51925.433676961875,8839.209503025642,17095.189375914713,19686.67279455944,8255.979872889071
2018-06-08,28443.909256139734,50428.82662087118,9391.655406022774,16954.350888561927,21984.917364731446,7562.695482539153
2018-06-11,28011.2121932996,50525.22049412938,10215.374778635296,17762.781914082167,22514.00830082978,7547.407135446871
2018-06-12,26081.634898928245,47644.04269224248,8132.568053599819,14166.740124317726,21562.407793314236,6034.172070717907
2018-06-13,26364.528522202265,48958.74553885743,8583.294047426642,14956.183508764147,22594.217016655166,6372.889461337505
2018-06-14,25070.497855350968,45911.62473822196,7474.862693076188,13831.377861311623,20841.12688287099,6356.515168235434
2018-06-15,26577.791105037428,46297.45166539061,9089.42662460937,15049.430006014796,19719.660560353183,5960.003381405426
2018-06-19,23825.01239681181,39938.73860220749,7959.355208554226,14162.302844290916,16113.726205395684,6202.94763573669
2018-06-20,20681.63952623868,32006.95809193079,8991.079321185329,12521.830184894035,11325.318565692109,3530.7508637087067
2018-06-21,21545.14139857372,33060.78050164622,8471.668544913542,11857.428518599096,11515.639103072503,3385.7599736855536
2018-06-25,24061.359999269698,30883.434597131643,9344.902711492714,12688.221947553207,6822.074597861945,3343.3192360604935
2018-06-26,20695.36201138292,28129.52201136842,8404.530845965573,10926.376562363172,7434.159999985499,2521.845716397598
2018-07-03,21515.531944832815,30170.270227074034,7710.361779643331,10330.528913524091,8654.738282241218,2620.16713388076
2018-07-09,28796.319641283433,38853.7355951755,12041.195610228115,16857.06530921659,10057.415953892069,4815.869698988474
2018-07-16,19472.45005602117,29838.060927674636,7902.704483584061,10294.877890579122,10365.610871653465,2392.1734069950617
2018-07-25,23481.511326262116,36739.54320492447,13385.521207778154,23024.546725855387,13258.031878662354,9639.025518077233
2018-07-30,20449.159512262977,28694.227565108962,15477.364636304674,22307.774884164533,8245.068052845985,6830.41024785986
2018-08-02,22841.777212081935,32453.55012189811,14069.036711490455,22361.471073370336,9611.772909816176,8292.434361879881
2018-08-07,22915.49967390851,33586.57930050493,15808.048163036048,24200.995801305828,10671.079626596416,8392.94763826978
2018-08-09,23840.061650397412,33222.63349806189,16271.211414516078,26055.697712083682,9382.57184766448,9784.486297567604
2018-08-10,23275.178001942193,34001.179721030305,17943.81138271215,27913.150370634146,10726.001719088112,9969.338987921998
2018-08-13,21076.5385909857,33625.12537191648,12228.320800612044,18308.595430169164,12548.586780930782,6080.27462955712
2018-08-15,19674.573509981852,32990.73444824147,11897.208329608093,21097.34628420631,13316.160938259618,9200.137954598216
2018-08-20,30303.840995305207,44977.40324302076,20130.65990085145,30511.872153326476,14673.562247715552,10381.212252475027
2018-08-23,28363.543563103227,44015.48962258098,15106.1975806585,23935.77079390818,15651.946059477752,8829.573213249681
2018-09-10,20196.081108246293,33501.967316759336,12556.84956768617,20149.63786268659,13305.886208513042,7592.788295000422
2018-09-12,18913.933740545497,32089.484223322463,12401.571979377004,18981.660939960348,13175.550482776966,6580.088960583344
2018-09-13,18096.798177686742,33168.49509959898,11944.236127198656,20071.33011998268,15071.696921912237,8127.093992784023
2018-09-14,17101.25176308798,30794.79726986684,12002.1161821808,19438.78514920733,13693.54550677886,7436.668967026531
2018-09-19,14366.257195649689,27978.908621912487,7708.239859114981,12695.418180310402,13612.651426262799,4987.178321195421
2018-09-23,0,0,0,0,0,0
2018-09-27,17660.371732448395,30492.16001164343,12006.744669548367,21142.053335870714,12831.788279195036,9135.308666322348
2018-10-01,17764.033122121087,32193.247629251153,11083.23935848515,20767.60743816851,14429.214507130066,9684.36807968336
2018-10-15,13946.125508522298,31905.267608334918,11858.144106380238,27297.228288828068,17959.14209981262,15439.08418244783
2018-10-22,15619.109522461253,33710.29867524649,13217.890007538192,30131.511860713068,18091.189152785242,16913.621853174875
2018-10-23,14785.393808408115,32730.64016361901,13261.80476500656,31549.919195124832,17945.246355210897,18288.114430118272
2018-10-26,13293.70190057276,29036.86758062381,9926.798266702895,23855.96044962391,15743.16568005105,13929.162182921016
2018-10-29,12872.487981668448,20106.21891897667,8007.034038900649,14167.373842729454,7233.730937308221,6160.339803828805
2018-10-30,12334.365143737734,20447.215542958467,8380.157998017174,14273.517670897318,8112.850399220733,5893.359672880144
2018-11-06,11485.775150904286,16843.296576095236,12915.660471291769,23202.55433975617,5357.521425190949,10286.893868464402
2018-11-08,11855.071691242954,18458.734977417065,12921.35530515585,23069.65667409425,6603.663286174111,10148.3013689384
2018-11-13,11109.01396778985,18467.177074445444,10750.49056892884,20870.61927967964,7358.163106655595,10120.128710750798
2018-11-14,10995.744064065386,19219.29272130317,10639.85551739939,21345.314004339165,8223.548657237783,10705.458486939775
2018-11-15,12030.028882572322,19791.870021860195,12207.832172616112,23929.411246811633,7761.841139287873,11721.57907419552
2018-11-26,11446.187382318305,17850.660362644936,10543.091635168863,17823.700856249183,6404.472980326631,7280.60922108032
2018-11-29,22768.111098067704,31129.513901582202,14443.009435949023,23866.84532189315,8361.402803514498,9423.835885944127
2018-11-30,22930.095147318858,31354.3151699126,14553.867594942114,24060.696669747857,8424.220022593741,9506.829074805742
2018-12-04,17626.840352499214,27336.804237386244,14608.846709683894,28047.35689753583,9709.96388488703,13438.510187851934
2018-12-06,17890.409649238452,27204.365704278414,12634.148632694987,26510.37512835138,9313.956055039962,13876.226495656394
2018-12-07,16740.28334842761,27091.14171713593,13614.707167594748,27837.5061257859,10350.858368708323,14222.798958191153
2018-12-11,14431.656929125975,26029.61471451102,12549.05713190672,27941.17197511377,11597.957785385044,15392.114843207051
2018-12-12,14095.72962705999,25427.561671223284,12015.78088780387,28363.888180918166,11331.832044163293,16348.107293114295
2018-12-13,13330.886145654684,23233.240861236034,11717.501139540778,27152.208527820294,9902.35471558135,15434.707388279516
2018-12-17,15152.338046866746,30319.3967831285,12416.423158886166,28412.559571746253,15167.058736261755,15996.136412860087
2018-12-21,11791.37271300937,25322.789443893278,11639.061897467102,28226.916603886686,13531.416730883908,16587.854706419585
2018-12-26,8998.306885486702,13473.075346294907,7338.134719726571,11908.464148293615,4474.768460808205,4570.329428567044
2019-01-02,8877.155489984885,13638.180865035622,8426.049900960536,14466.65427942561,4761.025375050736,6040.604378465074
2019-01-03,10630.15608817509,18017.198708617914,10435.171721331282,19804.426578352697,7387.042620442824,9369.254857021415
2019-01-07,10994.599290618311,17922.935091022366,11590.475500486473,22666.47816474596,6928.335800404055,11076.002664259488
2019-01-08,10200.856424860354,16881.958422438405,13247.301057515986,24402.100164058,6681.101997578051,11154.799106542014
2019-01-10,10257.212580662015,17219.27364761278,12948.78510127741,24809.402694289616,6962.061066950764,11860.617593012206
2019-01-16,12553.441726954512,24209.60809609268,9698.514563557454,17738.024688012047,11656.16636913817,8039.510124454593
2019-01-23,12237.088023849954,22234.9616045597,13610.505350203888,23180.888242631503,9997.873580709746,9570.382892427615
2019-01-24,11941.633243591852,19866.016824849874,13611.154911781581,24186.067068419343,7924.383581258022,10574.912156637762
2019-01-25,12866.281478459992,20630.924154889766,13215.746486046975,24056.948980048528,7764.642676429774,10841.202494001553
2019-01-28,13685.177471786743,20880.83469968105,15545.39580726504,26868.30697963247,7195.657227894308,11322.91117236743
2019-01-31,12925.272053147424,21109.79278610033,13938.982010599175,25959.597068006264,8184.520732952906,12020.615057407089
2019-02-04,11597.89623075969,21237.42992196186,13288.612555376709,26234.222512792134,9639.533691202168,12945.609957415425
2019-02-08,13545.046593415023,25705.89803884941,14421.525604343462,27362.811628499338,12160.851445434386,12941.286024155876
2019-02-12,11082.251363811427,27063.822684713614,10617.059426634562,21378.77561350164,15981.571320902187,10761.716186867077
2019-02-13,10198.030229100448,24917.01207984083,10931.950517912019,25034.473314934352,14718.981850740383,14102.522797022333
2019-02-19,9633.340369660848,22312.380267762637,9102.333826351627,21168.075598113624,12679.03989810179,12065.741771761997
2019-02-20,12221.255235583982,27341.319414976242,10239.754413090439,22210.131918498268,15120.06417939226,11970.377505407829
2019-02-21,11996.126618525817,30993.660710181033,8727.826106111546,18478.825458271578,18997.534091655216,9750.999352160032
2019-02-25,10834.834074078348,16347.142102349233,9582.710626972246,16815.119849022547,5512.308028270885,7232.409222050301
2019-03-01,10377.614086268886,18659.959050068726,7192.091022552214,14280.783361695943,8282.34496379984,7088.692339143729
2019-03-04,10884.270776143327,19122.921097475013,8265.940409756207,14773.23856356022,8238.650321331686,6507.298153804013
2019-03-07,12057.151064486929,21525.868077409643,6144.140128924749,12856.664621806867,9468.717012922714,6712.5244928821185
2019-03-08,12056.154483351736,22619.584590718725,6343.982715994919,13756.711794491226,10563.430107366989,7412.729078496307
2019-03-12,10457.845954508772,23032.124922373205,6794.86093026273,12992.683060491829,12574.278967864433,6197.822130229099
2019-03-14,9074.127301099034,19487.62159857616,6561.598459074646,13026.54411695969,10413.494297477126,6464.945657885045
2019-03-20,10179.953852630591,19901.099080960495,9375.750940809197,16826.877001350058,9721.145228329904,7451.126060540861
2019-03-22,9626.50513976204,18872.475789424414,8850.716956515234,16812.690470413367,9245.970649662375,7961.973513898132
2019-03-25,9173.802858915577,17845.02443334208,8967.8286130258,16152.047369967519,8671.221574426505,7184.218756941718
2019-03-28,9825.536902683312,21297.815845069636,6540.7455204229855,13008.182824839563,11472.278942386323,6467.437304416578
2019-03-31,0,0,0,0,0,0
2019-04-01,8815.875062254216,21696.376816494943,6543.96169186964,13203.540318360021,12880.501754240728,6659.578626490381
2019-04-03,6402.122297809797,15208.485376663903,5247.749627769073,12337.735954602262,8806.363078854105,7089.986326833188
2019-04-08,6138.8149894876415,16005.060692170393,5551.419107314675,12015.724195364484,9866.24570268275,6464.3050880498095
2019-04-11,5527.543796136965,12596.266553422514,5041.884783386187,13056.755841854841,7068.722757285549,8014.871058468654
2019-04-16,5332.93018609468,15259.476651959585,4118.708256590767,10477.485718517371,9926.546465864905,6358.777461926605
2019-04-17,5776.543137156999,16959.268555296952,5410.6597668319655,13013.102696416678,11182.725418139953,7602.442929584712
2019-04-18,8814.800887273152,23702.845705648386,6784.474330173518,14656.530745014777,14888.044818375234,7872.0564148412595
2019-04-26,9772.787696181234,21135.116553648317,5997.822935888146,10277.7597013167,11362.328857467082,4279.936765428553
2019-04-29,11736.45318905265,20580.21006006709,9164.33618049485,14240.545189281313,8843.756871014439,5076.209008786462
2019-04-30,11245.416331163455,20697.02546112948,8521.097540933712,15156.656059512603,9451.609129966026,6635.558518578891
2019-05-01,12657.029471077962,22735.449183513654,10634.47872487905,17409.083480340734,10078.419712435692,6774.604755461683
2019-05-07,14349.028874483052,26867.691572228043,12861.819999978938,18377.191142466545,12518.66269774499,5515.371142487607
2019-05-08,15193.222003284582,27814.490752899248,13352.431084241236,19172.4819095652,12621.268749614666,5820.050825323962
2019-05-09,16014.806146087356,29127.84118991056,14918.91577976957,20791.53733083904,13113.035043823204,5872.621551069471
2019-05-14,15306.579413988018,28457.549940693425,12635.35467162288,17009.55817040675,13150.970526705407,4374.203498783872
2019-05-15,18377.98007081266,32215.908398758627,20145.583319607817,29736.258169344335,13837.928327945967,9590.674849736519
2019-05-16,18853.460036547072,32368.957389270905,19158.90815503961,30334.998543387544,13515.497352723833,11176.090388347933
2019-05-20,20434.48968683416,34982.592432514146,21849.575881462704,30912.687903886133,14548.102745679986,9063.11202242343
2019-05-21,20632.619671464636,33818.29204896713,21424.056938716047,32572.741972716103,13185.672377502495,11148.685034000056
2019-05-22,22571.001308497533,35995.96100531258,23380.075714048515,31921.646947241457,13424.959696815047,8541.571233192943
2019-05-24,18624.146420182296,31696.134226862472,22388.98540068787,30408.43588080021,13071.987806680176,8019.45048011234
2019-05-28,18481.844152198955,28004.669690708914,19468.18911492246,29161.072844631402,9522.825538509958,9692.883729708941
2019-05-29,19997.282812903806,27774.37140592613,20589.804147135583,33169.21303787487,7777.088593022323,12579.408890739287
2019-05-30,19523.142922458705,26341.778045115727,20432.760460449514,33649.40858228668,6818.635122657022,13216.648121837163
2019-05-31,17038.611843159342,22439.198820983405,19848.523904475394,33404.8554893846,5400.586977824063,13556.331584909207
2019-06-03,22315.96399894165,29016.348129758357,20546.59231854203,34270.73054744459,6700.384130816707,13724.13822890256
2019-06-04,18518.21462434494,25844.751728091473,19395.90026426248,34289.340638739406,7326.537103746534,14893.440374476926
2019-06-05,17235.700199021878,24979.099414148,16415.31486126337,32217.790864811646,7743.399215126123,15802.476003548276
2019-06-10,19344.500134545415,31813.725677928873,17907.14105550597,32902.41442841218,12469.225543383458,14995.27337290621
2019-06-13,18056.608623005992,29127.517764269956,16467.192640472946,34849.6898727717,11070.909141263965,18382.497232298752
2019-06-17,18777.273473745336,27495.98711921941,18470.781305529123,36474.81093481865,8718.713645474076,18004.029629289525
2019-06-20,17045.56559536323,27136.502887815474,15213.953906728371,31881.747205848234,10090.937292452243,16667.79329911986
2019-06-24,16733.997205161628,21220.8610561396,13518.970374172295,20162.949641663225,4486.863850977974,6643.9792674909295
2019-06-26,17705.548104507103,23210.422068624935,13581.141578136014,20941.563464993822,5504.873964117833,7360.421886857808
2019-06-28,19222.477062594055,26112.143932746516,12562.933871635158,19736.298768596513,6889.666870152461,7173.364896961355
2019-07-01,19883.733582089266,26880.424605434906,13270.855170111812,22071.557152740366,6996.69102334564,8800.701982628554
2019-07-02,19399.698775155626,28609.85213658132,10595.600533209888,18688.930381533963,9210.153361425695,8093.329848324074
2019-07-08,18929.253524379812,29360.402674625682,10233.880771308843,17049.07323070708,10431.14915024587,6815.192459398237
2019-07-09,17065.916265916218,27700.562538697322,9881.576155772822,17414.18244658035,10634.646272781105,7532.606290807529
2019-07-16,18185.135000621085,27871.25299706173,10751.185360921429,20517.011233421053,9686.117996440644,9765.825872499625
2019-07-17,18550.411266624706,29740.326453285405,11578.963064749554,20411.591224591266,11189.915186660699,8832.628159841712
2019-07-18,16582.73646467794,28945.46616964216,10827.914164711015,18983.1972073462,12362.729704964222,8155.283042635183
2019-07-19,16314.67289959767,28884.986485805537,10307.916951872196,18536.604765568234,12570.313586207867,8228.687813696039
2019-07-22,17963.026421804232,28313.34592766734,12436.98892465182,24017.636803054906,10350.319505863106,11580.647878403086
2019-07-25,17231.42545198971,26802.645039712574,10403.764868767528,18732.138260050157,9571.219587722862,8328.373391282628
2019-07-30,14788.271218099731,22326.525396456436,10115.694343911933,17492.492143715746,7538.254178356705,7376.797799803813
2019-08-01,15544.20330660993,25009.226319943988,8925.30486664929,15686.177907180198,9465.023013334057,6760.873040530907
2019-08-02,17384.13453786103,27972.67888705712,10440.64676478097,15756.006678154736,10588.54434919609,5315.359913373766
2019-08-05,18555.956729709953,29522.229942280755,10309.423298535583,16410.48412796605,10966.273212570803,6101.0608294304675
2019-08-12,17605.7561379029,27483.263592216303,12621.437037281736,22079.78982497711,9877.507454313403,9458.352787695374
2019-08-13,15274.919550257326,28280.780012738276,9747.9637732274,18464.213851821212,13005.86046248095,8716.250078593812
2019-08-14,13742.122401823979,26026.75961769672,10059.62774090406,20402.34466327657,12284.63721587274,10342.71692237251
2019-08-15,14523.478959153445,27878.096375079676,9679.456834256776,18481.608787626483,13354.617415926232,8802.151953369706
2019-08-16,17729.760161147886,31469.412419877128,10990.101401766675,19088.801791919486,13739.652258729242,8098.700390152811
2019-08-20,15416.513066598049,29581.136193665014,10377.002271398609,17287.24095612768,14164.623127066965,6910.238684729071
2019-08-22,15950.640000767746,26946.147381898754,9636.264921153625,17643.26396232261,10995.507381131009,8006.999041168985
2019-08-26,15797.555294977814,25509.873949823792,8518.702206636066,14776.50305962988,9712.318654845978,6257.800852993814
2019-08-27,16277.086463534293,25634.541936684105,10851.710075249117,18664.74638639335,9357.455473149812,7813.036311144235
2019-08-28,14631.72361625239,25034.221328847427,8611.634042980557,14778.564072290308,10402.497712595037,6166.930029309751
